Datetime,Tweet Id,Text,Username
2021-12-03 23:59:15+00:00,1466919995322126341,"Ok Squid Game was great, the hype is real. But please never let there be a series 2, it couldn't have the same impact",EwanToo
2021-12-03 23:58:37+00:00,1466919833451507712,lee jungjae should ask seventeen some tips for the squid game season 2 HAHAHAHHAA https://t.co/jEVK9fqYJH,kimingyuzone
2021-12-03 23:58:12+00:00,1466919731747856388,veo un poco de squid game en esta promociÃ³n https://t.co/c1iSwLZgOi,luvzior
2021-12-03 23:58:10+00:00,1466919721824137216,@tangle_whisper About to finish Squid Game. Great series.,The_Movie_Goer
2021-12-03 23:57:39+00:00,1466919591192371200,Looking forward to everyone shutting up about squid game in 2022 ğŸ¤—ğŸ¤—,KSWarzala
2021-12-03 23:56:41+00:00,1466919350099603458,"@kdrama_menfess Ceritanya Gak Jelas, mending skip kalo gw mah kena hype squid game doang makanya rame",adisptr
2021-12-03 23:56:19+00:00,1466919255119740932,"Thank you @BEASTBALL1 for following me back!
You played a pretty good and fair game in the Mr. Beast Squid Game Video! https://t.co/YwzsoCgEyM",madburrito
2021-12-03 23:56:05+00:00,1466919199037612035,@josierones @Channel4 If Squid Game was set in London https://t.co/t4SHtvhx7n,Yolo_Mcnuggins
2021-12-03 23:55:14+00:00,1466918986080296969,@ilymotion Sheesh the squid game one looks cool asf ğŸ”¥,Killswtf
2021-12-03 23:55:06+00:00,1466918951384879105,Thatâ€™s not anime thatâ€™s squid game https://t.co/Lww7M3u4X9,CallMeCaleb6
2021-12-03 23:54:59+00:00,1466918919437000705,@safwat13135 Ù„Ø§ Ù„Ù‡ Ø¹Ø§Ø¯Ù‰ ÙƒØ§Ù† Ù„Ø³Ù‡ Ù…Ø®Ù„Øµ Ø¨Ø±Ø¶Ùˆ #SquidGame Ù…Ù† ÙƒØ§Ù… ÙŠÙˆÙ… ÙˆØ§Ù†Ø§ Ø§Ù„Ù„Ù‰ Ø§Ù‚ØªØ±Ø­Øª Ù†Ø­Ù…Ù„Ù‡ ÙˆÙ†ØªÙØ±Ø¬ Ø¹Ù„ÙŠÙ‡ ÙˆÙŠØ§Ø±ØªÙ†Ù‰ Ù…Ø§ Ø§Ù‚ØªØ±Ø­Øª Ù„Ø§ Ù‡Ùˆ Ø¹Ø§Ø´Ù‚ Ù„Ù„ÙÙ† Ø­Ø¶Ø±ØªÙƒ,omelbanen90
2021-12-03 23:54:57+00:00,1466918913208459268,Finallyyyy a pic togetherğŸ˜­ Squid Game actor meets SeventeenğŸ˜­ yaaasss the caption they put gives me life ahahah https://t.co/kxzMBFAX3m,dontcallmeANN
2021-12-03 23:54:33+00:00,1466918811643224065,@TWD__Survivors This ainâ€™t how I remember squid game,Hovhann1910
2021-12-03 23:54:12+00:00,1466918723407650818,"this is kinda cute, jay park put squid game and blackpink in the lyricsğŸ˜‚ğŸ¥°",yodointrbl
2021-12-03 23:53:57+00:00,1466918660522582018,"Rami Malek, Pete Davidson Spoof 'Squid Game' In Bloody Country Music Video OnÂ 'SNL' https://t.co/aNv62PpDx8",Cult_Crunch
2021-12-03 23:53:27+00:00,1466918534122926083,@landaksedih @hakkaya_ @shizucc_mogami @Okaminokiba3154 ultra milk squid game,taufiq_vevo
2021-12-03 23:53:02+00:00,1466918429508571140,@taufiq_vevo @hakkaya_ @shizucc_mogami @Okaminokiba3154 sariwangi squid game,landaksedih
2021-12-03 23:53:00+00:00,1466918421011083268,CHP'nin Mersin mitingine meÃ§hul 'Squid Game'li Ã§aÄŸrÄ± https://t.co/2kGJItScqv,kemalgoktas
2021-12-03 23:52:23+00:00,1466918267277168646,"Congrats to the guys who passed to the next round!!!
ğŸ”¥ $750 ğŸ”¥ In the prize pool!!!
Let's gooo!!!!!!!! #win #bsc #shiba #squidgame https://t.co/g0GjiTH6GE",WifeInu
2021-12-03 23:52:19+00:00,1466918248146894851,"@angiewolfartist Squid game, FFXIV, Arcane",Hoodie_Thief
2021-12-03 23:52:18+00:00,1466918245944995847,"@isjustcaszz fear street, squid game e arcane",zirtaeb_bn
2021-12-03 23:51:26+00:00,1466918028734459905,"this is so cute ã…‹ã…‹ã…‹ 
want to play Squid Game with Jin Hyung?ğŸ¤£ğŸ¤£ğŸ¤£
Suga here looks fierce ã…‹ã…‹ã…‹  #squidgamejin @BTS_twt https://t.co/PXgYWpO6Ze",nuna_yoonmin
2021-12-03 23:51:25+00:00,1466918025488044033,Would Dipper Pines win Squid Game? https://t.co/LgUsAAQKCc,RandomThingsBot
2021-12-03 23:50:56+00:00,1466917902695772166,"@isjustcaszz squid game, arcane e rua do medo",NOIRPH0BIC
2021-12-03 23:50:43+00:00,1466917847439790080,Running on the freeway is not a game - not even for Squid Game! â˜ ï¸ğŸ’€â˜ ï¸ https://t.co/2uVXruls6v via @YouTube,NrsgndaMJBot2og
2021-12-03 23:50:33+00:00,1466917803735371776,"Iâ€™m gonna re-create Squid Game in real life. But itâ€™s gonna take 1 month to do it. Which is gonna cost $2,500,000 (clearly the most expensive video ğŸ˜…)",HotGamesForFun
2021-12-03 23:50:04+00:00,1466917685229506570,@Victhorfinn Squid game pisse sur got objectivement,RedOzaru
2021-12-03 23:49:50+00:00,1466917623107567620,I wanna rewatch squid game brand new! Itâ€™s the last kdrama Iâ€™ve watched fully!! ğŸ˜­â€¦I am in a weird place with kdramas itâ€™s bad ! Nothing interests me to finish till the end https://t.co/sZvoHEmdV6,mamamoosu
2021-12-03 23:49:15+00:00,1466917480060923912,"All the best stuff this year happened on TV: Arcane, Squid Game, My Name, Only Murders In The Building...",jonathanesque1
2021-12-03 23:49:14+00:00,1466917475359117315,"If squid game was in IRL, im making sure I push over all the wattson mains.",DeffKyoshi
2021-12-03 23:49:13+00:00,1466917471923879944,I think i shouldnâ€™t let my lil son watch â€œsquid gameâ€. Better Parent decision!,ahmon_da
2021-12-03 23:49:06+00:00,1466917438700851206,"More than 140 million people have watched â€œSquid Game,â€ making it the most popular TV program in Netflixâ€™s history https://t.co/p0eOUoY3GQ #Bloomberg50",BW
2021-12-03 23:48:59+00:00,1466917411995586561,Who tryna play Roblox squid game with shinobu https://t.co/6bOe3NWb8w,CEOoflilRandall
2021-12-03 23:48:03+00:00,1466917175823052803,@landaksedih @hakkaya_ @shizucc_mogami @Okaminokiba3154 nescafe squid game,taufiq_vevo
2021-12-03 23:47:29+00:00,1466917032075608067,@isjustcaszz squid game e arcane,DUP4IN
2021-12-03 23:46:48+00:00,1466916863523229697,"Sorry Sang woo fans, but hoyeon is on team Sae byeok and Gi hun 
#SquidGame #JungHoYeon https://t.co/QFFdrrcwgQ",belle_vsp
2021-12-03 23:46:31+00:00,1466916789523292164,"Recomienden doramas es que mi familia ya vio Vincenzo, man to man y squid game quieroo ponerles uno bueno, ya se convirtieron en DORAMINIACOS ğŸ’œ",SharoskyyA
2021-12-03 23:45:53+00:00,1466916629934080002,Alright I know I'm like the last one but I finally made it through Squid Game. Someone talk to me about it.,Mina_Salome_
2021-12-03 23:45:32+00:00,1466916542449397760,"confessioni: sto impazzendo cercando di capire che significa il meme passami lo sdrogo demoni in capa squid game Marra Mahmood zio pera ufficialÉ™, vi prego spiegatemelo",framfin
2021-12-03 23:45:27+00:00,1466916523008618496,@hakkaya_ @taufiq_vevo @shizucc_mogami @Okaminokiba3154 breadtalk squid game,landaksedih
2021-12-03 23:45:18+00:00,1466916486119931904,i'm binging the last 3 eps of squid game and i'm gonna be live tweeting it so look away if you don't want spoilers but holy fuck episode 7 was the most intense ep yet by far,fantas_nic
2021-12-03 23:45:09+00:00,1466916444969390083,I just started watching this show Squid Game on Netflix I think yâ€™all would like it,swineotmystic
2021-12-03 23:44:48+00:00,1466916358138986500,"@PepperOceanna Squid Game? oh, I forgot, too realistic",dricketson6464
2021-12-03 23:44:25+00:00,1466916261938536456,"Finally watching Squid Game

1) This. Dubbed. Is. Terrible. 

2) I feel for the dude who had the money and lost it. Happened several times, got a lot of ass whooping ğŸ˜­

3) Fuck him for not buying a gift outright though. A lighter g*n?",MammonsCityGirl
2021-12-03 23:43:44+00:00,1466916089749651458,I thought that was that one squid game girlğŸ˜­ğŸ˜­ https://t.co/ENXLNAvOD2,MyNutCream
2021-12-03 23:43:41+00:00,1466916077707927557,estoy viendo el video de squid game d mrbeast x primera vez y voy en la parte del puente y m asusto cuando alguno cae porq se me olvida q no mueren de verdad,peeposofi
2021-12-03 23:43:30+00:00,1466916030777896964,"Vei, Mr. Beast gastou 2 MILHÃ•ES DE DÃ“LARES pra produzir 01 vÃ­deo (ele recriou perfeitamente Squid Game)

o homi Ã© insano. maior youtuber ever",chicobonbon_
2021-12-03 23:43:16+00:00,1466915973034881025,Holy fucking shit you guys seen Squid Game?,JamesHesky
2021-12-03 23:43:02+00:00,1466915913886617601,no but imagine if taehyung actually get casted as one of the squid game guards for season2 and we wouldnâ€™t even know,jklovclub
2021-12-03 23:42:51+00:00,1466915866029670400,@muratpak Oh shit is this squid game,3firstnamess
2021-12-03 23:42:37+00:00,1466915809897644037,"ATTENTION ALL LOOMIAN LEGACY PLAYERS ğŸš¨

I have taken over ownership for LOOMIAN LEGACY SQUID GAME for GRS! come and join in if u wish to participate :)) https://t.co/F3rJSmZls4",xxkjdplayzzz
2021-12-03 23:42:19+00:00,1466915733259100163,Des gens prÃ©fÃ¨rent Squid Game. https://t.co/ydT7jlAOy3 https://t.co/LbEOHS17zn,OS_953
2021-12-03 23:42:13+00:00,1466915708701331456,"Me and a bunch of friends went to see a concert last night and stopped at a diner afterwards to eat. My friend was wearing a PlayStation hat with the 4 main button shapes on it, and this random chick asked him if his hat was based on Squid Game.",StatelessPatri2
2021-12-03 23:42:12+00:00,1466915705215930369,@Oreo AHHHH SQUID GAME,Cookie_679
2021-12-03 23:42:02+00:00,1466915663646461952,"BTS #KPOOP ã‚’ä¿¡ã˜ãªã„å¥´ã¯ã€æ­»å¾Œã•ã°ãã«ã‚ã£ã¦åœ°ç„ã«è½ã¡ã‚‹ï¼
#ä¾‹ã®ã‚¢ãƒ¬ #ãƒ¢ãƒ«ã‚²ãƒƒã‚½ãƒ¨ #ã‚¤ã‚«ã‚²ãƒ¼ãƒ  #SquidGame #Fallout #Fallout3 #ãƒ•ã‚©ãƒ¼ãƒ«ã‚¢ã‚¦ãƒˆ3 #ã‚«ãƒ«ãƒˆå®—æ•™ #ã‚«ãƒ«ãƒˆæ•™å›£

https://t.co/NMIbrmq8vr",HolygodsBTSKpop
2021-12-03 23:41:48+00:00,1466915604661628931,"â­•ğŸ”ºğŸŸ¥ player, I require assistance ğŸ’¦

#ã‚³ã‚¹ãƒ—ãƒ¬ #SquidGame https://t.co/yA3DmQ23hH",ahriuwu
2021-12-03 23:41:45+00:00,1466915591726510082,So tell me exactly whatâ€™s with all the hype about squid game!?,Nada_Wahied
2021-12-03 23:41:30+00:00,1466915526660210694,"ğŸ’°Squid Game Coin BankğŸ’°
#squidgame #juegodelcalamar #redguard #3dpconcepts #3dprint #3dsolutech https://t.co/0Tme96VzMB",JR3dpconcepts
2021-12-03 23:41:12+00:00,1466915451729068033,Squid game themed â€œfog clothâ€ in my spam folder? https://t.co/ToBSJh16bZ,yugofromhell
2021-12-03 23:40:51+00:00,1466915365942796288,@taufiq_vevo @landaksedih @shizucc_mogami @Okaminokiba3154 rotiboy squid game,hakkaya_
2021-12-03 23:40:35+00:00,1466915297282117634,@washingtonpost It's the Squid Game,noticieros
2021-12-03 23:40:25+00:00,1466915255473168391,Squid game VğŸ˜† ğŸ‘€ https://t.co/gGKJ3CCdGf,BTS_time7
2021-12-03 23:40:10+00:00,1466915193296928784,"At @OhItsGypsy â€˜s birthday party and while talking about it, Iâ€™m sure that someone on this earth has fucked to the main Squid Game theme",Husko_Andres
2021-12-03 23:40:04+00:00,1466915166105313285,"@Liz_IDC @IDC_Eric Hello Liz. I just wanted to say, Iâ€™m so happy that you decided to write the script for squid game for audio description. I canâ€™t wait for more seasons to come!ğŸ‘©ğŸ¾â€ğŸ¦¯â¤ï¸",mariachigirl91
2021-12-03 23:40:01+00:00,1466915156709965824,Hi I finally started watching Squid Game. Can you please repost all your Squid Game memes from like 2 weeks ago so I can get them now? Thanks.,ChuckHPeckhamV
2021-12-03 23:39:51+00:00,1466915111516450816,my squid game if u know what im sayin https://t.co/C0AsTgHUja,toofrooot
2021-12-03 23:39:25+00:00,1466915003383132164,"ğŸ”´LIVE

THE BEST CRAB GAME (SQUID GAME PLAYER)

[LINK]
https://t.co/OCy6bXE69H - Come by! You can join too!",LennoxInsane
2021-12-03 23:39:08+00:00,1466914930410487808,#SquidGame,haesarchive
2021-12-03 23:38:15+00:00,1466914710075359238,just binged squid game and damn this theme is on everyone's minds these days,edenisovan
2021-12-03 23:38:11+00:00,1466914692056719362,I saw a kid playing with a Squid Game pop it today and it was a surreal feeling,ManaketeQueen
2021-12-03 23:38:10+00:00,1466914690383024131,Squid Game,ImDylanBC
2021-12-03 23:37:30+00:00,1466914522703278080,SQUID GAME CHALLENGE | We try the Japanese version of the Dalgona Honeyc... https://t.co/96kS6hsesX via @YouTube,loco4hotleggs
2021-12-03 23:37:16+00:00,1466914460723933188,@1AMRONALD I already got my refund so now i just got a squid game costume for no reason,MarcusJung7
2021-12-03 23:37:01+00:00,1466914400883941376,"@Hosm3838 @Arif1907_1 @emes_34 @asfb_1907 @ArzuF1907B dizi takildim deli dizi la 
squid game yat kardaÅŸim 
migren iÃ§in tavsiyem olur konuÅŸak yarin",demir342734
2021-12-03 23:36:47+00:00,1466914340733440002,"- Otras pelÃ­culas/programas que mencionaron:
1. Sinkhole
2. Squid Game
- Durante el dÃ­a del pepero, su staff organizÃ³ el pepero con sus nombres en el artista longue
- Jake se pregunta sobre el origen del dÃ­a del pepero",18Wonnie_EN
2021-12-03 23:36:43+00:00,1466914325071732747,@bemyquaranteen @convomfs Ini yg di MRT squid game itu kan,KnowThisLINNN
2021-12-03 23:36:42+00:00,1466914319187152899,@Complex Episode 6 Squid Game and Episode 8 Invincible were really differentğŸ¥²,KeynesLe
2021-12-03 23:36:20+00:00,1466914225905885184,"@AKneega @So_Darn_Tired @MiaMalkova First I am not bitching. She asked was there anyone that did not like squid game, and that she did not like the trailer. I just gave my opinion of it. And I could careless about ratio. I don't give two fucks about anyone on twitter none of you count as real people to me.",Hate_Bolt
2021-12-03 23:36:17+00:00,1466914213306187781,@_PhoenixLight_ ui ct pas fait exprÃ¨s du tt mais c vrai que Ã§a fait de ouf squid game c drÃ´le fjfjdfj,shinyak_o
2021-12-03 23:35:49+00:00,1466914099585957895,Now I NEED A TAEKOOK SQUID GAME AU PLEASEEEE https://t.co/K5eZLCqx7y,StayGold_012
2021-12-03 23:35:47+00:00,1466914087380860931,Squid Gameâ€™s Production Designer Shares the Story Behind All of Those Art References https://t.co/Yts0hJoSNi @ArchDigestã‚ˆã‚Š,millionsage
2021-12-03 23:35:45+00:00,1466914080288129032,@isjustcaszz squid game e comecei a ver arcane,koovrze
2021-12-03 23:35:39+00:00,1466914054845480967,"O problema nÃ£o Ã© tirar sÃ©ries q nÃ£o sÃ£o dela pq isso vai uma hr acontecer c todas, tÃ¡ cheio de streaming novo e nÃ£o vÃ£o parar de criar outros 
O problema Ã© q eles nÃ£o sabem a hr de parar (squid game deveria ter uma sÃ³) e tbm nÃ£o sabem a hr de continuar",revengeweapon
2021-12-03 23:35:06+00:00,1466913915565223936,@solana squid game award,Zynth621
2021-12-03 23:34:58+00:00,1466913883814301704,@muratpak Is this... Some kind of Squid Game initiation ğŸ‘€ https://t.co/njg7fg9U6z,PixelBotsNFT
2021-12-03 23:34:55+00:00,1466913871466270723,this is not ratio its squid game https://t.co/4tY1PFzHve,YourGameTVlol
2021-12-03 23:34:54+00:00,1466913869029326863,"God I hate retail store training videos. Nothing but horrible acting, cringey comedy, and forcing things that are ""hip"" into something irrelevant! Cus mentioning tiktok and Squid Game in the same sentence will surely engage me about safety &gt;:T https://t.co/NlJefekNpF",KeevanGuy
2021-12-03 23:34:39+00:00,1466913804483063810,"""Thoughts on Squid Game"" - Never seen it. #tellonym  https://t.co/6FIQoRYe8i",JerrySnackhouse
2021-12-03 23:34:05+00:00,1466913662082371584,isnt that the policeman of squidgame? https://t.co/PSQgGJfAre,utdChinook
2021-12-03 23:33:42+00:00,1466913563470094336,"- A cute yoongi ğŸŒ¼âœ¨

#SquidGame #YOONGI #SUGA #BTS #fanart https://t.co/m6jzk45Lm2 https://t.co/OBlFQGzto1",CuteKimi06
2021-12-03 23:33:30+00:00,1466913516720435203,@robstenstardis One of her besties! Heâ€™s the one who threw the massive Squid Game Halloween party that it seems like everyone in Hollywood was at lol. https://t.co/8c6a09X71E,FeministBella
2021-12-03 23:33:24+00:00,1466913490120024064,"@MrBeast's squid game got 100,000,000 views in like 3 days vs @netflix's squid game which took 1 month to get 100,000,000 views lol",MasonDoesStuff5
2021-12-03 23:33:20+00:00,1466913472634134532,Squid game taehyung â¤ https://t.co/sgQIs5kodi,saravv951230
2021-12-03 23:32:59+00:00,1466913386168561666,Letâ€™s be real with eachother squid game is only popular cause itâ€™s a wild game theory and people attracted to crazy shit other than that the acting is absolutely horrible like just down bad  terrible ğŸ˜‚ğŸ˜‚,mattdiesel39
2021-12-03 23:32:26+00:00,1466913245487325187,"scherzi a parte questo ragazzo anche il terzo giorno del concerto vestito da guardia di squid game si massaggiava il ginocchio e nonostante questo non si Ã¨ fermato un secondo.. spero che la riabilitazione lo rimetti in sesto al piÃ¹ presto, Ã¨ una sofferenza vederlo cosÃ¬ ğŸ¥º https://t.co/PoxaA6BP2d",wheresmackenzie
2021-12-03 23:32:19+00:00,1466913218249379842,@armyfess_ Yang kek boneka squid game sksksksk gemes banget,chocougii
2021-12-03 23:32:02+00:00,1466913146661126152,"New video up NOW!!! 

Squid Game's Red Light Green Light on NBA 2K22!! 
â¬‡ï¸â¬‡ï¸â¬‡ï¸â¬‡ï¸â¬‡ï¸â¬‡ï¸â¬‡ï¸
https://t.co/ZhGku9fEUq https://t.co/NiiXxFmb3s",xGeeVee
2021-12-03 23:31:47+00:00,1466913082748383242,Taehyung is HIGHKEY wanting netflix to hire him for squid game season 2 ğŸ‘ğŸ‘„ğŸ‘ https://t.co/9iWSzFTg5o,otabicep
2021-12-03 23:31:45+00:00,1466913073772511233,PersuadÃ© que ceux qui pensent autre chose que Hunger games sont de la mÃªme famille que ceux qui trouvent que Casa de Papel est un chef dÂ´oeuvre et que Squid Game mÃ©rite un golden globe.. https://t.co/iE9NeOZB4G,CrsfWil
2021-12-03 23:30:44+00:00,1466912819517997062,squid game overrated ez,TheMemeNoobGuy1
2021-12-03 23:30:10+00:00,1466912677930754051,also squid game season two,miikasass
2021-12-03 23:29:58+00:00,1466912626445803524,"MrBeast Squid Game is at 143M views, and it's already his 4th most viewed YouTube video.",_L4ND0N
2021-12-03 23:29:53+00:00,1466912605977513984,I really hope Squid Game doesnâ€™t make live action dubs popular again.,loteriacard25
2021-12-03 23:29:44+00:00,1466912568279121920,"@CryptoWizardd @SquidMoonCoin launching a series of squid game gambling games, first one is the marbles game. dev of unitrade and polar sync. this is going to blow up in gambling/gaming overnight $SQM",downthevortex
2021-12-03 23:29:40+00:00,1466912551439118339,"The Late Show returned full of surprises this week! Watch Colbert face Lee Jung-jae from #SquidGame in the Dalgona Candy Challenge. PLUS greats like Mahershala Ali, Peter Dinklage, @BardemAntarctic and author @JasonReynolds83 in this weekâ€™s #LateShowMeMore https://t.co/kyzl6r9GNq https://t.co/7sbzAGfbTk",colbertlateshow
2021-12-03 23:29:36+00:00,1466912533210484739,when he understands the point of squid game https://t.co/aLBn52HMYS,greendaylover45
2021-12-03 23:29:29+00:00,1466912503611363330,HEHEHEHE pemain squid game gadungan ketemu sama aktor suqid game yang asli ğŸ˜­ğŸ˜‚ğŸ‘ğŸ» https://t.co/xRoyi3pL1Q,dearestjsh
2021-12-03 23:28:51+00:00,1466912344504782849,moi je regarde Squid Game aprÃ¨s tout lâ€™univers ğŸ˜­ğŸ˜­ğŸ˜­,goookie_
2021-12-03 23:28:22+00:00,1466912224149053442,"Alright so instead of watching Squid Game i rewatched the Harry Potter films and I donâ€™t think I can rank them only tier list them.

S - Prisoner of Azkaban 

A - Goblet Of Fire, Half Blood Prince, Chamber of Secrets 

B - Sorcerers Stone, DH2

C - Order Of The Phoenix, DH1",MrToastopher
2021-12-03 23:27:49+00:00,1466912083606339584,Dalgona episode of Squid Game but make it Mexican. https://t.co/iAIUfqB2KY,_mangocat
2021-12-03 23:27:28+00:00,1466911996532690949,finally watching squid game are y'all proud,katewhiteshark
2021-12-03 23:27:06+00:00,1466911904908066816,"Ã€ part les visuels, Squid game ne laissera pas un souvenir impÃ©rissable https://t.co/9WTkVjByGe",Male_CommeXY
2021-12-03 23:26:47+00:00,1466911823098171394,"@Moderate_Rebels  No, North Korea didn't execute Squid Game fan - It's CIA-backed fake news https://t.co/c98BIWQfhj via @YouTube",HypatiaOA
2021-12-03 23:26:11+00:00,1466911673659367425,@altinokecenaz Squid Game Ã¶yleydi bence. ZamanÄ±mÄ± geri almak isterdim.,Verrhaltnisse
2021-12-03 23:25:56+00:00,1466911610572840960,@literallynotlyn from Killing Stalking or Squid Game,JMcflume
2021-12-03 23:24:26+00:00,1466911231512657927,I've just watched episode S01 | E04 of Squid Game! #squidgames  https://t.co/0IX5LGqpHk #tvtime https://t.co/xz5DZv1zm6,Michelejr84
2021-12-03 23:24:11+00:00,1466911170531508224,@fredulom with the amazing #SquidGame #crabgame prank... one simple trick to kill 5 streamers on stream #twitchclips #prank #funny https://t.co/udJfgHCYLr,9VoltGorilla
2021-12-03 23:24:09+00:00,1466911160092041218,@NoaDpr_Pv mÃªme moi Ã§a commence Ã  me gonfler câ€™est comme avec lâ€™actrice dans squid game lÃ ,siya_sha
2021-12-03 23:22:57+00:00,1466910860933091328,Da squid game wave is done https://t.co/yF6t5OXoGL,thereal_Dash_O
2021-12-03 23:22:53+00:00,1466910843312951302,"@Complex First place squid game, second Lupin, and the rest is the rest.",fasterpiei
2021-12-03 23:22:12+00:00,1466910669308153861,@AKneega @So_Darn_Tired @MiaMalkova squid game was just ok. There was nothing special about it.,Hate_Bolt
2021-12-03 23:22:11+00:00,1466910668494409736,i love T1419 but we canâ€™t pretend that the song didnâ€™t get a bit changed cuz of squid gameâ€™s success :// cuz catch me was already a song and had a name??? so if it wasnâ€™t because of squid game why would they have changed the name and few parts? ğŸ™„ğŸ™„,httpsuhyun
2021-12-03 23:21:50+00:00,1466910580242108422,getting very gay from the squid game girls,emmacoomer
2021-12-03 23:21:46+00:00,1466910560381902848,@Zombought The real squid game,PsybeIe
2021-12-03 23:21:37+00:00,1466910526122901507,"Dasselbe wird mit Squid Game passieren. Die cash cow muss gemolken werden, ob es gut ist oder nicht.",Malfirion
2021-12-03 23:21:36+00:00,1466910518283673604,ni-ki va a estar en el cast d squid game 2 https://t.co/TYknSatmmp,hsngbff
2021-12-03 23:21:24+00:00,1466910469688598528,sinto que o hoseok vai postar foto do taehyung com o look de squid game no dia do niver dele,DARKBUTGAME
2021-12-03 23:21:21+00:00,1466910456119918595,@LadyofCrypto1 @SquidMoonCoin launching a series of squid game-themed games. first one launching is the marbles game. dev of Unitrade and Polar Sync $SQM,downthevortex
2021-12-03 23:21:01+00:00,1466910373995417600,"@caratstalk @SPIGER15 Ikut ngomen bleh gak sih?? 
Itu kalo gak slah yoo ah in kek nya, trs yg d sblahnya lagi kek lee seungi, dan yg dket wonu itu ajusi yg di squid game,",SitiSalamah27
2021-12-03 23:20:59+00:00,1466910363765592073,@shiarctic Umm idk maybe squid game but the other version,Inklings20
2021-12-03 23:20:31+00:00,1466910247080050694,Go and play squid game. https://t.co/YIirLi5eab,bilegyr
2021-12-03 23:20:28+00:00,1466910233159249931,@TheLastLeg #number 10 Downing Street to include to include Squid Game at this year Xmas party,PeterKi45024547
2021-12-03 23:20:25+00:00,1466910220798480386,@BadTimeRec We passed the Squid Game,NCSkaPunk
2021-12-03 23:20:16+00:00,1466910184765202433,KRUSTY KRAB GAMES? #SquidGame #SpongeBob #TikTok #Livestream https://t.co/SQrKeEVFNj,SGTVanillaPanda
2021-12-03 23:20:04+00:00,1466910134794432515,Fucked around and made these kids squid game cookies https://t.co/7uyu4y2sTm,ken_wheeler
2021-12-03 23:20:04+00:00,1466910132416229383,Squid Game https://t.co/NnrD0e1qh1,Stylnoxx
2021-12-03 23:19:24+00:00,1466909967789838341,"Was walking around the merch stands, and there were stands for squid game merch and kpop merch. May God save us all, the Chinese have infiltrated this side of the country already.",code_greed
2021-12-03 23:19:21+00:00,1466909953810223109,"#VIDEO | Jin, Lee Jung Jae, Yuri, Park Seo Joon, Taecyeon y mÃ¡s actores coreanos que celebran su cumpleaÃ±os en diciembre

#Kdramas #JIN #JinBirthday #BTS @BTS_twt #HappyBirthdayJin #LeeJungJae #SquidGame #Minho #Yuri #Taecyeon #ParkSeoJoon 
https://t.co/ur6i7bBPSb",LRTendencias
2021-12-03 23:19:19+00:00,1466909944603631625,"this but ik MLD saw squid game get popular so they wanted to benefit from it so they took an old unreleased song, changed the name and few lines and boomğŸ™„ i mean they havent just suddenly dropped a single like this before?? i love catch me and it will forever be catch me to me https://t.co/PQh9yuTEfe",httpsuhyun
2021-12-03 23:19:15+00:00,1466909928002576385,Squid Game eliminations but with MXC commentary.,FlubbyThePone
2021-12-03 23:19:13+00:00,1466909918460530690,iâ€™ve never seen squid game but probably no https://t.co/CYSwBvbEmh,ggukswoah
2021-12-03 23:19:07+00:00,1466909895479881730,"hay un tiktok de tae con el disfraz de squid game que se hizo muy viral y los locals le estÃ¡n diciendo de todo, me titila un ojo",vanteuhl
2021-12-03 23:19:03+00:00,1466909878467788803,"@JinxBTH ğŸ¤£ğŸ¤£ğŸ¤£ğŸ¤£ğŸ¤£ğŸ¤£ğŸ¤£ğŸ¤£ğŸ¤£ğŸ¤£ğŸ¤£ğŸ¤£ğŸ¤£ğŸ˜­ğŸ˜­ğŸ˜­ğŸ˜­ğŸ˜­
Ini adalah squid game yang paling menyenangkan,,,, 
Aku tidak bisa berhenti tertawa ğŸ¤£ğŸ¤£
Lihatlah wajah kalian,,, sungguh sangat konyol,,,, 
ğŸ¤£ğŸ¤£ğŸ¤£ğŸ¤£ğŸ¤£ğŸ¤£ğŸ¤£ğŸ¤£ğŸ¤£ğŸ¤£ğŸ¤£ğŸ¤£ğŸ¤£ğŸ¤£
Happy birthdayğŸ‚ğŸ‰ğŸ kim Seokjin,,, 
I love you,,",Alvayaani
2021-12-03 23:18:30+00:00,1466909739439243267,A Korean thriller just stole Squid Gameâ€™s most-watched Netflix show title! https://t.co/rKLSoPdX9s,i_D
2021-12-03 23:18:16+00:00,1466909682564403203,"Le mÃ©chant de ""Squid Game"" va incarner Berlin dans le remake corÃ©en de ""La Casa de Papel"": L'acteur Park Hae-Soo, qui incarnait le diabolique Cho Sang-woo dans Squid Game, va jouer Berlin dans le remake corÃ©en de La Casa de Papel que prÃ©pare laâ€¦ https://t.co/qZDCprCz6P https://t.co/L4eUIEwbFH",123_INFO_FR
2021-12-03 23:18:03+00:00,1466909626494971906,"Le Youtubeur MrBeast reproduit le jeu ""Squid Game"" dans la vraie vie, sa vidÃ©o devient virale: Au programme de cette vidÃ©o, pas de morts ni d'affrontement sanglant, mais une cagnotte de 456.000 dollars Ã  remporter, beaucoup d'humour et des chaisesâ€¦ https://t.co/utNOnzK6rW https://t.co/SNOEaxgf6l",123_INFO_FR
2021-12-03 23:17:35+00:00,1466909509591310336,@abcnews Squid Game has a lot to answer for!,Just_James_
2021-12-03 23:17:26+00:00,1466909470131245056,@YouTube @MrBeast calling you out a friend knows trending. MrBeast Squid Game.,KeemIsHe
2021-12-03 23:17:13+00:00,1466909417157574663,"@yuko19731031 ãƒˆãƒˆã¡ã‚ƒã‚“
ãŠã¯ã‚ˆã†ã”ã–ã„ã¾ã™âœ¨
SquidGameã®ä¿³å„ªãŒç›®ã®å‰ã«ã„ã‚‹ã®ã§ã€ãƒ‹ã‚­ã¯ã¨ã¦ã‚‚å–œã‚“ã§ã„ã‚‹ã¨æ€ã„ã¾ã™ğŸ˜†
å½¼ã¯ã¨ã¦ã‚‚å¯æ„›ã„ã§ã™â¤ï¸

è‰¯ã„ä¸€æ—¥ã‚’éã”ã—ã¦ãã ã•ã„ğŸ’—",Jeonbunnybee
2021-12-03 23:17:06+00:00,1466909388757557249,i was trying to cry but then tae was skipping around in the damn squid game costume,LilianeFowler
2021-12-03 23:16:38+00:00,1466909270364983299,"i love her man i really do, but she missed the point of squid game",greendaylover45
2021-12-03 23:16:23+00:00,1466909208595812353,"@Fury_1X the chestnut man
when they see us
the queen's gambit
mare of easttown
squid game
defending jacob

erased",Shamali37
2021-12-03 23:15:54+00:00,1466909084725116931,"@SmilerFurcifer Ah yes, 90$ for pngs, Nintendo be shaking now

Let's see, it's a cheap copy of Bendy, made by those minecraft circus baby amogus squid game baldi channels, which also is being accused of being a shitty person, and now this

yo this was a speedrun of how fast a game could die?",Slasher1994
2021-12-03 23:15:25+00:00,1466908963849576456,oddio ma Ã¨ stranissimo squid game doppiato,iamxlau
2021-12-03 23:14:54+00:00,1466908835851948035,Euuuuh Alice un borderland câ€™est INCROYABLE 10x mieux que squid game  â¤ï¸,OceaneTina
2021-12-03 23:14:05+00:00,1466908626380075018,@ConanK_158 Love you too but I'm still better at squid game,Awesominator3
2021-12-03 23:14:01+00:00,1466908609644793866,@TeachItAsh This a Squid Game type o thing?,neilcameron78
2021-12-03 23:13:53+00:00,1466908578934054913,"Chyba jestem masochistkÄ…, bo po skoÅ„czeniu #LCDP5 postanowiÅ‚am dokoÅ„czyÄ‡ #SquidGame i akurat byÅ‚ to 6 odcinek..",vreaganv
2021-12-03 23:13:50+00:00,1466908567529832454,"Un po' #SquidGame, un po' #BreakingBad, un po' #LaCasaDePapael5.
Gomorra se la sono risparmiata.
Geniali, ma non basta piÃ¹",simsantucci
2021-12-03 23:13:42+00:00,1466908529827233793,"Oh smack, Twitter just gave me fresh casting choice. George Clooney as player 456. George Clooney vs Leonardo Dicaprio is MONEY for Murican Squid Game. Be like Anthony Hopkins vs Alec Baldwin in The Edge.",Eastfist
2021-12-03 23:13:35+00:00,1466908502497058819,"@OweeeeenDennis Ummm, Squid Game? Question mark?",tiktok19_plum
2021-12-03 23:13:31+00:00,1466908484444692480,Squid Game in Fortnite #SquidGame #Fortnite https://t.co/ZMzqq3hMWA,MasterKHero1
2021-12-03 23:13:26+00:00,1466908465625022464,"It's honestly impressive that Squid Game gets you to care and love the characters in such a short amount of time, it really makes me appreciate the show even more.",PartTimeOtaku77
2021-12-03 23:13:01+00:00,1466908358657691658,la vidÃ©o de mrbeast sur squid game : le vrai divertissement,tenginho
2021-12-03 23:12:52+00:00,1466908320921530373,"the plot of squid game 2 is actually just kidding none of your favs died

squid game 2 is just danganronpa v3 except its the real world",BenBole
2021-12-03 23:12:42+00:00,1466908281126158337,"@Koreaboo they dont know what is ""Fiction"" its a drama like squid game, hellbound, train to busan, money heist and many more and knetz still bark againğŸ™„",HAESOO07996191
2021-12-03 23:12:06+00:00,1466908128780324865,"Squid Game in a village, Myeong-dong blues: A first-timerâ€™s visit to South Korea via VTL https://t.co/LS6hq6qUSG https://t.co/OHpHTWB4D5",ChannelNewsAsia
2021-12-03 23:11:48+00:00,1466908053903609856,como me creÃ­ el cuento de pobrecito que decia el viejo de squid game la concha d la lora nunca me sentÃ­ tan payasa en mi vida,focusonespos
2021-12-03 23:11:43+00:00,1466908031099097088,Maybe the reason that nobody can find the Crumbleys is because they're playing the squid game. https://t.co/m7nOb7pyCb,davematt88
2021-12-03 23:11:14+00:00,1466907910630481922,Zam mÄ± alacaÄŸÄ±z squid game oyuncusu mu olacaÄŸÄ±z belli deÄŸil ğŸ˜€#Ã–ÄŸretmeneÅartsÄ±zZam,AhmetCaliskan27
2021-12-03 23:11:02+00:00,1466907861376974848,"@frenchtom34 they dont know what is ""Fiction"" its a drama like squid game, hellbound, train to busan, money heist and many more and knetz still bark againğŸ™„",HAESOO07996191
2021-12-03 23:10:40+00:00,1466907769806721035,Squid Game is traumatizing. Itâ€™s brilliant but traumatizing.,emilie_skb
2021-12-03 23:09:47+00:00,1466907545533140999,Squid Game ğŸ¤¤ ÙŠØªÙ… Ø§Ù„ØªØ­Ù…ÙŠÙ„ Ø§Ù„Ø§Ù†,MohammedKablan8
2021-12-03 23:09:43+00:00,1466907529011765252,"@UneVanessa Comment Ã§a tu pensais mourir ? 
On dirait il veut un reinğŸ˜‚
La vie c'est squid game",FayoFalias
2021-12-03 23:09:25+00:00,1466907454520844290,@isjustcaszz Squid Game e Fear Street,crystal_shoot
2021-12-03 23:08:40+00:00,1466907266251034629,Finally watching squid game https://t.co/AHT028scMN,aceoftradezs
2021-12-03 23:08:19+00:00,1466907176736542720,One Piece x Squid game featuring Namjin lol https://t.co/GYPwV1Tmxn,joon_jjin
2021-12-03 23:07:48+00:00,1466907045161058317,zaczÄ™Å‚am oglÄ…daÄ‡ z mamÄ… z squid game i jak narazie po pierwszym odcinku podoba siÄ™ jej,iavenka
2021-12-03 23:07:17+00:00,1466906914994987013,wie ich bei squid game letzte runde Ã¼berleg extra auszuscheiden weil ich mit geld eh nicht umgehen kann und kb hab mich wegen inflation mit etfs zu beschÃ¤ftigen https://t.co/ixuyhCHWUk,timmobello
2021-12-03 23:07:10+00:00,1466906888663179274,@Marshallmedia @EsylltMair Mae'n cwbwl daft nawr bo Squid Game mor massive draw fan hyn. Ma pobl yn gallu ymdopi efo darllen.,Madeley
2021-12-03 23:07:04+00:00,1466906863061057537,â€œni-ki in season 2 of squid game!!â€ NO I WANNA GATEKEEP HIM FROM THE LOCALS,CH4ERYEONGZ
2021-12-03 23:06:54+00:00,1466906819637350402,squid game??? #NintendoSwitch https://t.co/dDycp2oyRF,EluTranscendent
2021-12-03 23:06:44+00:00,1466906780290719753,@angiewolfartist Squid game,HoneyDeriviera
2021-12-03 23:06:42+00:00,1466906771331637250,"By the way, there's a huge continuity/logic issue in ""Squid Game."" I'm sure you've noticed. Or I hope someone has. But on the positive side, what a crazy ass breakthrough worldwide show. Hard to do these days. Hard for any show to get attention.",BastardMachine
2021-12-03 23:06:42+00:00,1466906768202735619,"Squid Game in a village, Myeong-dong blues: A first-timerâ€™s visit to South Korea via VTL https://t.co/kVrth9phVy",GrosBlo
2021-12-03 23:05:55+00:00,1466906574648139781,Maybe I should have logged Squid Game after all,GuyVollen
2021-12-03 23:05:00+00:00,1466906341943898113,"Squid Game ve Hellbound'un ardÄ±ndan Netflix'e iki GÃ¼ney Kore dizisi daha geliyor

https://t.co/W6R0wh6Gqh",TurkishIndy
2021-12-03 23:04:50+00:00,1466906301846405120,If you need me Iâ€™ll be playing Squid Game,alex_madore
2021-12-03 23:04:44+00:00,1466906274671599623,"So....I finally got around to watching Squid Game to see what all the hype was about and I'm really loving it so far, until episode 6 happened. It broke me guys https://t.co/jPhuB92e5V",PartTimeOtaku77
2021-12-03 23:03:26+00:00,1466905946249207814,"LIVE NOW with some Roblox! Come and join me for some awesome games, chat and a whole heap of fun! :D

https://t.co/IOCWrmeql6

#roblox #robloxarsenal #arsenal #funkyfriday #bedwars #squidgame #roblox #youtube #monkeyfeesh #streaming #stream #YouTubeLive https://t.co/RXNBU4NeqF",MonkeyfeeshYT
2021-12-03 23:03:13+00:00,1466905894231449601,The old man in Squid Game breaks my heart. ğŸ¥º,taylorlester
2021-12-03 23:02:38+00:00,1466905746084352005,@tuikistanbul  #tÃ¼ik  #OYUNBÄ°TTÄ°  #SquidGame  @kilicdarogluk ğŸ’ªğŸ’ªğŸ’ª https://t.co/XMZDbZiaYU,1907Kemalist
2021-12-03 23:02:11+00:00,1466905634322927623,"@DeviantNoodles LIKE IT MAKES SENSE TO COMPARE THE TWO, SAME GENRE AND EVERYONE KNOWS SQUID GAME BUT AAAA",czerwonyrower
2021-12-03 23:02:01+00:00,1466905593386516492,"Mr Beast Does Squid Game, Joel Osteen Bathroom Cash, True Story Thoughts... https://t.co/UrCrIIv4Hp via @YouTube",RobbieThompson2
2021-12-03 23:01:38+00:00,1466905494619299840,MrBeastâ€™s â€˜Real Life Squid Gameâ€™ and the price of viral stunts | TechCrunch https://t.co/OiHoMu3upv,IsamuNishijima
2021-12-03 23:01:28+00:00,1466905453703618566,@forumpandlr Squid game,pr4ttysavage
2021-12-03 23:01:12+00:00,1466905387504910343,"Jour 3 : le drama pour lequel je voudrais une suite
@Mila_no_tweet 

Si je ne compte pas les dramas dont j'attends une saison 2 prÃ©visible (move to heaven, squid game, sweet home), il n'y a aucun drama que je souhaite prolonger.",AigoAjumma
2021-12-03 23:00:39+00:00,1466905246295199745,"I have a growing list of shows to watch when my mental health is less fraught (Squid Game, Black Mirror, etc.), and Iâ€™m starting to feel like if I were more honest with myself, Iâ€™d admit I probably wonâ€™t ever be in a place where that will feel like the right way to spend my time.",tomhewittnews
2021-12-03 23:00:20+00:00,1466905167819730949,Where are Squid Game and Ted Lasso?!? https://t.co/KPdbetRKk0,MeghanBobrowsky
2021-12-03 22:59:51+00:00,1466905045065154563,SHES COSPLAYING SQUID GAME!!! https://t.co/h4kI88v7PJ,mladenXO
2021-12-03 22:59:39+00:00,1466904996612554752,"best trio ever  â¤ï¸
#SquidGame https://t.co/Qni2kN7L7t",manoO_alwerfaly
2021-12-03 22:59:25+00:00,1466904937825112065,@eeberquist It really feels like Squid Game isn't too far away at this point. We're a dystopia.,LARayRay
2021-12-03 22:59:21+00:00,1466904919169015811,Bu gece squid game dizisine baÅŸlayacaÄŸÄ±m muhtemelen diziyi aÃ§ar aÃ§maz ÅŸÃ¶yle bir soru gelecek beyefendi maÄŸarada mÄ± yaÅŸÄ±yordunuz ? UmarÄ±m ÅŸu sÄ±ralardaki yoÄŸunluÄŸumu anlayÄ±ÅŸla karÅŸÄ±larlar,ozan__yildiz
2021-12-03 22:59:06+00:00,1466904856854089728,MrBeastâ€™s â€˜Real Life Squid Gameâ€™ and the price of viral stunts https://t.co/1r2VGuSBN1 https://t.co/P9tgtOEPCP,LaurieACarlson
2021-12-03 22:58:57+00:00,1466904819092934657,@tohrukinni my life's a squid game,afrogger__
2021-12-03 22:58:42+00:00,1466904757273042944,@maagssss THE SQUID GAME ONE OH MY GODDDD,bruhcroc
2021-12-03 22:58:11+00:00,1466904625815060482,"It's probably important to note: #SmartCoin was marketing itself as the ""Squid Game of Crypto"". Squid Game TL;DW -- Bunch of people competing for large sum of money, most don't make it (sorry for the spoilers).

The ""game"" of #SmartCoin was to be broken into 10 phases.",crypdohnut
2021-12-03 22:58:06+00:00,1466904607339253770,"@LastMerlbender Also wenn du damit klar kommst, einfach ruhig sein. Ich wÃ¼rde implodieren und mache ein Ragevideo dazu ğŸ˜…(Squidgame). Und es gilt die 3 Folgen Regel - vorher meckern oder abbrechen ist nicht legitim (und ja, habe bisher noch nichts negatives zu Arcane gehÃ¶rt ğŸ˜‚).",einfach_Marcus
2021-12-03 22:57:51+00:00,1466904542138843136,I finally finished Squid Game last night! Such a good show!! I canâ€™t wait for Season 2!,LauraRose92
2021-12-03 22:57:20+00:00,1466904415126712323,@Manta_Wild This is your squid game player number,gm_construct
2021-12-03 22:56:40+00:00,1466904244402163715,"$456,000 Squid Game In Real Life! https://t.co/nyF9oVkoep @YouTubeã‚ˆã‚Š",atn824
2021-12-03 22:56:04+00:00,1466904093281116174,"Bon ben bilan SquidGame, toute la saison 1 bof bof car beaucoup trop prÃ©visible, mais dernier Ã©pisode trop satisfaisant carâ€¦ trop prÃ©visibleâ€¦ et la rÃ©alisation du dernier Ã©pisode est Ã  des lustres mieux du reste, on est dâ€™accord?",Quenton
2021-12-03 22:55:05+00:00,1466903848807714817,my life's a squid game,afrogger__
2021-12-03 22:53:55+00:00,1466903555189747715,@abdeclatax @MrBIaze @NizarVeintiuno Mdrrrr mais tâ€™as dÃ©jÃ  regardÃ© les dramas pour dire Ã§a Ã  part Squid Game ??? Câ€™est TELLEMENT diffÃ©rent dans tous les domaines ğŸ’€ puis yâ€™a rien Ã  approprier chez les amÃ©ricains faut cesser ils ont eux-mÃªmes pas de culture mdr,lenkaxo
2021-12-03 22:53:37+00:00,1466903479071432706,Herkes evleniyor yaa. GerÃ§ekten eÅŸleÅŸmeler tamamlanÄ±yor gibi hissediyorum artÄ±k. Squid gameâ€™deki 3. Oyuna dÃ¶ndÃ¼ bu olay sÃ¼re daralÄ±yooo,ozgurmerttk
2021-12-03 22:53:36+00:00,1466903474646437894,"@iam_jezza When did he ever claim this idea to be original and his? The original poll he made to decide to create this stated that he would ""recreate"" squid game, how exactly is this him trying to sell this as his Idea?",yungasianlad423
2021-12-03 22:53:35+00:00,1466903468715692035,@paolabottelli @s_margiotta #SquidGame Ã¨ stato 'na passeggiata a confronto...,bisignanotweet
2021-12-03 22:52:50+00:00,1466903282216017922,"Iâ€™m just gonna say it. 

Squid Game is not good.",postcardpfv
2021-12-03 22:52:39+00:00,1466903233214009351,"Just finished to THAT episode in Squid Game. Babblin, I am.",oceankaiyo
2021-12-03 22:51:55+00:00,1466903050631761924,@AmosMurphy_ I thought this was a set from Squid Game for a minute. It's a bit chilling.,ImVaradi
2021-12-03 22:51:52+00:00,1466903037562208264,@kpprtrick https://t.co/OdCC3vKV0p #gfvip #halloween2021Â  #rosmello #prelemi #gregorelli #squidgame #dispatchcouple #bbtvi21 #AFazenda #Dune #Eternos  https://t.co/DLassI4SrD,ifrning
2021-12-03 22:51:31+00:00,1466902949309861897,ÎœÏ€Î¿ÏÎµÎ¯ Î½Î± ÏƒÏ„Î±Î¼Î±Ï„Î®ÏƒÎµÎ¹ Î· bwin Î½Î± Î²Î¬Î¶ÎµÎ¹ ÏƒÏ…Î½Î­Ï‡ÎµÎ¹Î± Î±Ï…Ï„Î® Ï„Î·Î½ Î´Î¹Î±Ï†Î®Î¼Î¹ÏƒÎ· ÎÎ¹ÏÎ¸Ï‰ ÏŒÏ„Î¹ Î²ÏÎ¯ÏƒÎºÎ¿Î¼Î±Î¹ ÏƒÏ„Î¿ squid game ğŸ˜‚#BigBrotherGR,GTigklis
2021-12-03 22:50:41+00:00,1466902739519033348,Would Amethyst win Squid Game? https://t.co/DNjPwb3GYE,RandomThingsBot
2021-12-03 22:50:19+00:00,1466902648016228355,"â€” squid game s1 (2021)

el final?? una basura pero chulisima vamos me encantÃ³â€¦. gif de la persona masguapa https://t.co/t67torosmY",hamilkina
2021-12-03 22:50:02+00:00,1466902575756754947,@eeberquist Is this a squid game,HapsburgJaw
2021-12-03 22:49:43+00:00,1466902496031432704,squid game prom outfits,sangihann
2021-12-03 22:49:42+00:00,1466902491526840320,"Feliz cumple a Kim Seok-jin, nuestro Jin de BTS!! XD jajaja hice este chibicito de cuando estuvo como la muÃ±eca de Squid Game jejeje #KimSeokjin #BTSJIN #BTS https://t.co/abk95RkfNz",LuxiHakala
2021-12-03 22:49:36+00:00,1466902464863641602,not my mom watching Squid Game DUB and her excuse it â€œthere wasnâ€™t a sub optionâ€and she didnâ€™t want to watch it in Korean,joshlovesmovies
2021-12-03 22:49:18+00:00,1466902390729228296,"Finished watching Squid Game earlier this week and it absolutely lives up to the hype. Very compelling series with fantastic acting and astute, if rather on-the-nose commentary on late stage capitalism.",GregRavengrave
2021-12-03 22:48:45+00:00,1466902253957267459,@kaqurrelaa was never emotionally attached to squid game tho this is different idk remember s1+2 ğŸ¥ºâ˜¹ï¸ european lives were changed,redroIa
2021-12-03 22:48:38+00:00,1466902224282472450,"Finally finished watching The Sopranos

Next up: 
Squid Game -&gt; Arcane -&gt; Tiger King S2 -&gt; The Wire -&gt; Daredevil... again",Bennington400k
2021-12-03 22:48:25+00:00,1466902168187944966,locals are falling in love with v for that squid game costume bit quick hide all the sexy bitches before they find them!!!,K0ES00WGNUJ
2021-12-03 22:48:13+00:00,1466902118405709829,@OllardMaeva @itsleaprivate on dirait que tu veux nous proposer de jouer Ã  squid game lÃ  ğŸ˜­âœ‹,Celesteprivee
2021-12-03 22:48:04+00:00,1466902081604886530,"empezando Squid Game y la verdad, no miento, me estÃ¡ dando laxe ğŸ’€ si sigue asÃ­ y no mejora, la vd es que no sÃ© que le veis. Pero no juzguemos sin terminar, que a lo mejor luego estÃ¡ mejor",useritoole
2021-12-03 22:47:42+00:00,1466901990613524481,à¸¥à¸¸à¸‡à¸ªà¸•à¸µà¸Ÿà¸à¹‰à¸­à¸•à¹‰à¸­à¸‡à¸•à¸²à¸¢à¹„à¸§à¹à¸«à¸¥à¸° à¹€à¸•à¸£à¸µà¸¢à¸¡à¸šà¸—à¸¡à¸²à¸‹à¸°à¸‚à¸™à¸²à¸”à¸™à¸µà¹‰ ğŸŒ à¹€à¸­à¸²à¸ˆà¸£à¸´à¸‡à¹†à¸£à¸¹à¹‰à¸ªà¸¶à¸à¸—à¸¶à¹ˆà¸‡à¸›à¸™à¹€à¸«à¹‡à¸™à¹ƒà¸ˆà¸à¸µà¹ˆà¹€à¸‚à¸²à¸™à¸°à¸—à¸µà¹ˆà¹€à¸§à¸¥à¸²à¹ƒà¸„à¸£à¸ªà¸±à¸¡à¸ à¸²à¸©à¸“à¹Œà¹à¸¥à¹‰à¸§à¸ˆà¸¹à¹ˆà¹†à¸à¹‰à¸­à¸‡à¸±à¸”à¹à¸œà¹ˆà¸™à¸™à¹‰à¸³à¸•à¸²à¸¥à¸­à¸­à¸à¸¡à¸² à¸¢à¸±à¸‡à¸­à¸¸à¸•à¸ªà¹ˆà¸²à¸«à¹Œà¸—à¸³à¸—à¹ˆà¸²à¹ƒà¸«à¹‰à¸”à¸¹à¸•à¸·à¹ˆà¸™à¹€à¸•à¹‰à¸™à¸ˆà¸£à¸´à¸‡à¸ˆà¸±à¸‡à¹„à¸”à¹‰ à¸ªà¸¡à¹€à¸›à¹‡à¸™à¸™à¸±à¸à¹à¸ªà¸”à¸‡à¸¡à¸·à¸­à¸­à¸²à¸Šà¸µà¸à¸ˆà¸£à¸´à¸‡à¹†à¸‚à¹ˆà¸° à¸–à¸–à¸– #SquidGame #à¸­à¸µà¸ˆà¸­à¸‡à¹à¸ˆ #LeeJungJae #Colbert #TheLateShow https://t.co/eEIVyYeqSJ,Umarungsri
2021-12-03 22:47:20+00:00,1466901896828968967,@Dstokers Squid Game is the biggest thing on the planet rn so yeah it's a useful frame of reference,jasonschreier
2021-12-03 22:47:11+00:00,1466901858388267011,@Bastards_Boston Triple Frontier/ Extractionâ€¦.Haunting of Hill House/ Squid Game/ Ozarkâ€¦.the octopus teacher/ American murder,TheRealDMC821
2021-12-03 22:46:57+00:00,1466901801924448261,"@xoxoaIice Aespa com 1 ano: tem o Mv de debut mais visualizado do KPOP, PAK, RAK, CAK, Daesang, Bonsang, prÃªmio de Visionary 2021, como artistas que inovam e impactaram a indÃºstria junto a nomes como o BTS e o Diretor de Squid Game.. 500K Sales no primeiro Ã¡lbum e sendo um Mini+",aespasynkt
2021-12-03 22:46:44+00:00,1466901744579792896,@jasonschreier I love how the cultural touchstones used to describe things is always changes. Squid game is easier to use because something  battle royale doesnâ€™t work as clearly as the hot thing.,Dstokers
2021-12-03 22:46:43+00:00,1466901740729638914,@moonwitching You're so right. I also love the way how kdramas are structured and the characters always have a character development. I just watched squid game in the autumn holidays and it was better than some turkish series because it reduced my stress.,firdevsismyname
2021-12-03 22:45:13+00:00,1466901365041635329,squid game dalgona game but I end up picking bacteriophage as my shape https://t.co/7AL0sFJ4UO,mccaelaa
2021-12-03 22:45:12+00:00,1466901357554802690,@Khanada U look like the dude that won squid game,wessyio
2021-12-03 22:45:05+00:00,1466901330325291009,"Ep 2 of Squid Game. All of a sudden, my Google Nest starts telling me about local chip shops. Sure enough, the accomplice of the gangster on the bridge scene in the car really does sound like he says â€œhey Google, tell us about the chip shopsâ€ in a muffled Scottish accent.",willduval
2021-12-03 22:44:39+00:00,1466901222942646274,"Not generalizing and even though I love my K-Idols but MANY KOREANS ARE REALLY RACIST. They think they are higher than other Asian races just because of how successful K-pop is without knowing that without us, they are nothing. The Filipino cast of Squid game also experienced-- https://t.co/PD6PrWHEhz",dearlisahi
2021-12-03 22:44:38+00:00,1466901217624399876,The Danganronpa series comes to Switch today and if you havenâ€™t played these games yet (think: Squid Game with teenagers and murder mysteries) you really should. Iâ€™ve spent the past few weeks replaying the first one and it is still fantastic https://t.co/IChsywuQUm,jasonschreier
2021-12-03 22:43:45+00:00,1466900996186116097,Dunno how people can say Hellbound is better than Squid game,Lil_Akif
2021-12-03 22:43:28+00:00,1466900922953465858,"@Pinball_Lez @mmmurmuration I think there's also a multi- device thing going on. When people say they ""liked"" something on Netflix, chances are they half watched it while looking at a phone. It's why I think Squid Game blew people's minds. They had to watch if they used subtitles",DrNomyn
2021-12-03 22:42:42+00:00,1466900731324153862,"Wow, have you heard about Squid Game? It's pretty darn good! https://t.co/NEl8IV4TjP",ohemgeeitsdan
2021-12-03 22:42:33+00:00,1466900693999132680,Iâ€™m teaming with him when Squid Game actually happens. https://t.co/5O9tGPmVU6,CodyNorlander
2021-12-03 22:42:19+00:00,1466900632216948739,a form of squid game exists https://t.co/zQ8vzmf5R4,thhoko
2021-12-03 22:42:03+00:00,1466900565456211972,"@1stclasstrouble Teamwork Wins!!! #FirstClass #PS4 #Squidgame #Personoid #Resident #PS4share
https://t.co/DrfoNKLABm",DanielHolton10
2021-12-03 22:41:57+00:00,1466900541372514311,"ğŸ§¸: Natty, did you watch Squid game? It was so much fun
ğŸ£: ğŸ¥•Of course!!! I enjoyed it so much!! I think I saw it all in a day... lol https://t.co/B7sslVj2m3",GlobalNatty
2021-12-03 22:41:35+00:00,1466900448707764225,@JanitorTito Swap the characters from the Squid Game with children.... And what story does it remind you of?,Wilcster
2021-12-03 22:41:24+00:00,1466900401748385792,@beomgyuburger people compare it to squid game cuz itâ€™s similar concepts but i thought aib was more interesting,fr3ddiebens0n
2021-12-03 22:41:20+00:00,1466900388175564802,Quand jvou dit jsui pas un mec Ã  la page la jregarde squid game alors que tt le monde lâ€™a fini depuis 2007,yyaya94
2021-12-03 22:41:09+00:00,1466900340515639300,à¸•à¸­à¸™à¹à¸£à¸à¹„à¸¡à¹ˆà¸¡à¸µà¹ƒà¸„à¸£à¸„à¸´à¸”à¸§à¹ˆà¸²à¸«à¸™à¸±à¸‡à¸ˆà¸°à¸à¸²à¸—à¸¸à¸à¸„à¸™à¸”à¸±à¸‡à¹€à¸›à¸£à¸µà¹‰à¸¢à¸‡à¸—à¸±à¹ˆà¸§à¹‚à¸¥à¸à¹à¸šà¸šà¸™à¸µà¹‰ à¹à¸•à¹ˆà¸§à¹ˆà¸²à¸šà¸—à¸¡à¸±à¸™à¸”à¸µ à¸à¸µà¹ˆà¹€à¸‚à¸²à¸à¹‰à¸­à¸”à¸µà¹ƒà¸ˆà¸—à¸µà¹ˆà¹„à¸”à¹‰à¹€à¸¥à¹ˆà¸™ à¹à¸¥à¸°à¸–à¸¶à¸‡à¹ƒà¸™à¸ˆà¸­à¸ˆà¸°à¸‚à¸¥à¸¸à¸à¸‚à¸¥à¸±à¸à¸—à¸¸à¸à¹€à¸à¸¡à¸ˆà¸™à¸„à¸™à¸”à¸¹à¹ƒà¸ˆà¸«à¸²à¸¢à¸§à¸²à¸šà¸•à¸²à¸¡ à¹à¸•à¹ˆà¹ƒà¸™à¸Šà¸µà¸§à¸´à¸•à¸ˆà¸£à¸´à¸‡à¸à¸µà¹ˆà¹€à¸‚à¸²à¸à¸¥à¹‰à¸²à¸„à¸¸à¸¢à¸‚à¸™à¸²à¸”à¸™à¸µà¹‰à¹€à¸¥à¸¢à¹à¸«à¸¥à¸° â€œà¸œà¸¡à¹€à¸¥à¹ˆà¸™à¹€à¸à¸¡à¸¥à¸¹à¸à¹à¸à¹‰à¸§à¹€à¸à¹ˆà¸‡à¸™à¸°â€ à¸–à¸–à¸–  ğŸ˜‚ #SquidGame #à¸­à¸µà¸ˆà¸­à¸‡à¹à¸ˆ #LeeJungJae #Colbert #TheLateShow https://t.co/ySZWnD9qRL,Umarungsri
2021-12-03 22:40:06+00:00,1466900077553897483,"ĞÑ…Ğ°Ñ…Ñ…Ğ°Ñ…Ğ°, Ğ° Ñ‚ĞµĞ¿ĞµÑ€ÑŒ Ğ¿Ñ€ĞµĞ´ÑÑ‚Ğ°Ğ²ÑŒÑ‚Ğµ, Ñ‡Ñ‚Ğ¾ Ğ¢ÑÑ…Ñ‘Ğ½ Ğ¿Ğ¾ÑĞ²Ğ¸Ñ‚ÑÑ Ğ²Ğ¾ 2 ÑĞµĞ·Ğ¾Ğ½Ğµ Ğ¸Ğ³Ñ€Ñ‹ Ğ² ĞºĞ°Ğ»ÑŒĞ¼Ğ°Ñ€Ğ° #BTS #BTSARMY #SquidGames #squid_game https://t.co/QaQVouOIA5",shineykind
2021-12-03 22:39:58+00:00,1466900044020387843,"Aucune comparaison Ã  faire
GOT soulÃ¨ve 90% des sÃ©ries et surtout Squid Game de merde qui est une immense vague de hype artificielle https://t.co/XdAeL5OaK9",Azakjo
2021-12-03 22:39:48+00:00,1466900000978481158,"J'viens de regarder squid game malgrÃ© ma retisense et bordel quelle claque, j'ai faillis passer a cote d'un truc enorme",Azrode60
2021-12-03 22:39:47+00:00,1466899998499500032,"See? I really know nothing that's on. I only watched ""Squid Game"" because I was shamed into it and scolded because ""everybody's already seen it."" https://t.co/VQ6mOzurJk",BastardMachine
2021-12-03 22:39:39+00:00,1466899963720474626,@isjustcaszz Rua do Medo e Squid game,yellowcover_
2021-12-03 22:39:13+00:00,1466899855578697731,@Bastards_Boston Squid game,AThetanman
2021-12-03 22:39:12+00:00,1466899850872692743,"@SouthieFromSTW1 @fnbrcosmetics Same happened with Squid Game. In Brazil, its called round 6, like??????",HowToMemes2
2021-12-03 22:39:07+00:00,1466899827183304705,@mynameisrussia Omg i willl laken. Btw love taking the opinion of a k drama fan is squid game worth watching honestly? Cz i feel like itâ€™s not ğŸ¤¢,ramerimpamerim
2021-12-03 22:39:06+00:00,1466899825719398408,"@Bastards_Boston Queens Gambit
Ozark
Squid Game",Bigpapi343
2021-12-03 22:37:50+00:00,1466899505211711493,"No, North Korea didn't execute Squid Game fan - It's CIA-backed fake news âš¡ https://t.co/JfBtPCwnUe  #December 3, 2021 at 04:41PMâš¡Major media outlets falsely claimed North Korea killed someone for watching Squid Game. This is fake news. The ""source"" for this bogus rumor is â€¦",Holland2377
2021-12-03 22:37:43+00:00,1466899474912055299,@ArmaniKings Wait fr is this true? They actually performed in front of the squid game actors! And know they're asked to be featured on the soundtrack for next the seasonğŸ‘ğŸ¾ğŸ‘ğŸ¾ğŸ‘ğŸ¾ https://t.co/JaAKtVMf6c,bloozklues
2021-12-03 22:37:07+00:00,1466899323388575752,Just convinced a coworker that squid game is real,i_luv_engines
2021-12-03 22:36:47+00:00,1466899240018485248,"nÃ£o, pessoa desconhecida que acabei de conhecer, eu nÃ£o vi squid game sÃ³ porque explodiu. assim como nÃ£o vi casa de papel e outras sÃ©ries que tiveram um boom gigante, agora calem-se caralho",igotjbrm
2021-12-03 22:35:54+00:00,1466899017598652423,@TheNotoriousMMA Tell the man to stop playing the Covid squid game. https://t.co/s6hr25ckxv,TGCsubstack
2021-12-03 22:35:29+00:00,1466898914016051201,@AvengerResister Could play the villain in Squid Game.,marco_maui
2021-12-03 22:35:28+00:00,1466898910446825476,@1anjohn Aye that liquor whip cream is DANGEROUS. You just completely lose track of how much youâ€™ve had lmao thatâ€™s the real squid game,_WeeBeyH
2021-12-03 22:35:21+00:00,1466898881048940556,Potrebbe superare squid game grazie a me https://t.co/WwQM34mlTV,francigiove1
2021-12-03 22:35:10+00:00,1466898833326149637,@Onii_Chad I didnâ€™t watch squid game,pawgers_
2021-12-03 22:35:06+00:00,1466898819338149893,the real squid game https://t.co/dPWCQVtb8c,vikhrv
2021-12-03 22:34:59+00:00,1466898787197140995,@banadaralgeliyo @stellanizz Squid game e gitmek istedigimi nerden cikardin,domiranara
2021-12-03 22:34:39+00:00,1466898704934129665,Squid Game: Origins https://t.co/J6rFkYhdCW https://t.co/P30vynCgUm,luckykidtay
2021-12-03 22:34:32+00:00,1466898675070693376,iâ€™m so confused did white people not know east asian people existed before watching squid game ? why u referring to people as â€˜squid game irlâ€™ ğŸ˜­,dokihrt
2021-12-03 22:34:07+00:00,1466898572394307586,@lacasadepapel To think that some people think that squid game is better than la casa de Papel is ridiculous to me. No series comes close to beat this!,Hakwillumstad
2021-12-03 22:33:52+00:00,1466898506522705921,I've just watched episode S01 | E03 of Squid Game! #squidgames  https://t.co/1YPBh7sebt #tvtime https://t.co/Z6Qy6HNVB2,Michelejr84
2021-12-03 22:33:02+00:00,1466898297767923715,sangwoo squid game i miss u â€¦ i hope hell is nice and youâ€™re still sexy,cardcaptorsuho
2021-12-03 22:32:50+00:00,1466898248963178498,Came across this on a wall in downtown Toronto. #Toronto #squidgame https://t.co/H42OTa5cFU,AnumAJamal
2021-12-03 22:32:19+00:00,1466898117278720007,@hexm8atrest squid game ainâ€™t that great,Kittythemoggie
2021-12-03 22:32:07+00:00,1466898068897468423,@realhoneypot2 Waiting for squid game thoğŸ¥º,willyg007
2021-12-03 22:31:51+00:00,1466898001473916928,@TMurph207 @mdabateNFL Murph you haven't seen squid game???,patriotsfeeder
2021-12-03 22:31:22+00:00,1466897877780033538,Who called it Vicky Kaushalâ€™s and Katrina Kaifâ€™s wedding and not Squid Game season 2?,beerd_guyy
2021-12-03 22:31:18+00:00,1466897863070339082,Just saw episode 7 of SQUID GAME. One of the most tense episodes of TV Iâ€™ve seen in quite a while.,Internetboy1124
2021-12-03 22:31:01+00:00,1466897791184252931,"Hey everyone, today I just wanted to share how I created the wormhole effect for travelling between dungeons.
https://t.co/iNtQYKddkz

#indiegame #gamedev #indiegamedev #madewithunity #mobilegames #octomancer #shaders #SquidGame",octomancer
2021-12-03 22:30:35+00:00,1466897682069438469,Watching squid game finally. Donâ€™t judge me,YippseY
2021-12-03 22:30:00+00:00,1466897535059079169,CHPâ€™nin Mersin Mitingine â€˜Squid Gameâ€™li  Ã‡aÄŸrÄ±: Oyunu SonlandÄ±rmak Ä°Ã§in https://t.co/Dclo2FkQAK,kozmopolitikcom
2021-12-03 22:29:54+00:00,1466897509415071745,OK hear me out.. what if life is just one big squid game,RealChillWil
2021-12-03 22:29:40+00:00,1466897451776937993,"Wie niet ziet dat 30 enthousiaste beginners - warm gemaakt met nieuw elan-motto - onder leiding van Rutte gewoon nog meer macht en verdeel-heers betekent voor Rutte in zijn politieke squid game, die heeft niet goed opgelet de afgelopen jaren. https://t.co/fhOhrryWAQ",finhstamsterdam
2021-12-03 22:29:34+00:00,1466897424127979526,calling gi hun squid game at 3am,TECH_727WYSI
2021-12-03 22:29:30+00:00,1466897408072331274,"@CryptoWhale Remember when they all shilled squid game token simultaneously?

Theyâ€™re literally responsible for rugging (thousands/millions?) of the most vulnerable people.",millie2728
2021-12-03 22:29:00+00:00,1466897283291754499,@Bastards_Boston Squid Game.,DVelozNJ
2021-12-03 22:28:42+00:00,1466897208377167872,tristan thompson when the squid game challenge is to stop cheating on khloe kardashian https://t.co/HIxq7mycwh,DomiVino
2021-12-03 22:28:03+00:00,1466897045743017990,@TheRightMelissa Is this the Squid Game sequel? ğŸ¤”,BlackVRTitan
2021-12-03 22:28:03+00:00,1466897044275138563,if squid game tried to make jungjae look raggedy then they unfortunately failed miserably cuz he looked absolutely gorgeous,cecitheconkeror
2021-12-03 22:27:38+00:00,1466896938947825669,@aey_dear Squid game episode 6ğŸ’”,Karmillah_17
2021-12-03 22:26:27+00:00,1466896639034105864,"@KpopperTrick oi adm
#gfvip #halloween2021Â  #rosmello #prelemi #gregorelli #squidgame #dispatchcouple #bbtvi21 #AFazenda #Dune #Eternos  https://t.co/XL1iudlymn",kiradiabo
2021-12-03 22:26:12+00:00,1466896576060661760,"Grabe yung task na to ng mga housemates. Sinubok talaga sila. Galing ni kuya  â¤â¤

Yung #PBBKumuTugOfWar grabe parang SquidGame. Hihi Oh diba nung sinamahan nila ng puso, napagtagumpayan. ğŸ’›

Galing mo kuyaaaâ¤â¤â¤â¤

#PBBKumuLipatBahay 
#Day49",hannahulanday
2021-12-03 22:25:28+00:00,1466896391729467393,"@herkesicinCHP #Mersinde Provakasyonun Refleksini Ã–lÃ§ecek Hdp kalesi Denebilecek Bir Ä°l Olan Mersin'in seÃ§ilmesi Ã–nemli Ã–ncelikle #Devlet'e SonrasÄ±nda Meral Ablaya Mesaj Atacaklar
Ä°nsanlarÄ± Adam Ã–ldÃ¼rmeye YÃ¶nlendiren #SquidGame Ä°le Neyin PeÅŸinde Olduklari Belli #MusadeEtmeyecegiz https://t.co/gIJwcpjuOM",Kurtubi_
2021-12-03 22:25:23+00:00,1466896373211664392,"https://t.co/rdWqCjHsXc
live da @manddsTV gente bora ve ela ta vendo squid game vida realll",oChicrete
2021-12-03 22:25:22+00:00,1466896369449242625,So I guess Iâ€™m not alone in finding Squid Game too slow to get throughâ€¦but this seems a bit muchâ€¦ https://t.co/gc4SQuNa65,TimCJudd
2021-12-03 22:25:19+00:00,1466896354706432005,"Ceux qui comparaient la serie My Name Ã  Squid Game, moi je vois aucun rapport hein",SamzyCarter2
2021-12-03 22:25:16+00:00,1466896345244000258,"Who has design this froggy head as real life costume yet, just like Squid Game Hoodies? None?",Dave_Lummy5
2021-12-03 22:25:12+00:00,1466896326952722435,Finally watching Squid Game for the first time,Spacetimeprime4
2021-12-03 22:25:03+00:00,1466896290671853569,"Six not out now with vagabond done, been so fortunate at the quality of these shows, amazing consistency, maybe I'm a good scout after all. Updated ratings IMO:

Squid Game 9.5
Vagabond 9
Vincenzo 8.5
Extracurricular 8
My Name 7.5
Itaewon Class 6",AzzurriLFC
2021-12-03 22:25:00+00:00,1466896275081764866,#SquidGame Ã©tait dÃ©jÃ  annoncÃ© dans les #Sims4 Ã  #EvergreenHarbor ! https://t.co/zOtIszx2n6,franswa_fr
2021-12-03 22:24:50+00:00,1466896234086551558,@CryptoNordy @elliotrades @Ninja @shroud @Tfue @CouRageJD @TSM_Myth @daquandottv @xQc @MoistCr1TiKaL @aydan @OfficialTaco69 @RatedEpicz @StIcKyRamee @summit1g @hasanthehun @Trainwreckstv @Thebuddha_3 @AnthonyZ1O @dellor @pokimanelol @NICKMERCS @NickEh30 @LudwigAhgren @neotokyonewstv @MrBeast @Twitch @MrBeast we need to borrow that squid game set :p,amazingcolej
2021-12-03 22:24:41+00:00,1466896196144926722,Î£Ï„ÎµÎ¯Î»Ï„Îµ Ï„Î·Î½ #Î£Ï„Î±Î¼Î±Ï„Î· ÏƒÏ„Î¿ squid game,tzats5
2021-12-03 22:24:08+00:00,1466896056751427588,@leablabla_yt Et dire qu'ils font un remake corÃ©en avec un des acteurs de Squid Game pour jouer BerlÃ­n...,BenjaminRabour
2021-12-03 22:23:43+00:00,1466895953869385728,We need to go back to war with all communist countries.  'Squid Game' smuggler set to die by firing squad in North Korea: report https://t.co/ajdSFgCuSs via @nypost,MNoybn
2021-12-03 22:23:26+00:00,1466895880976486407,Ma squid game Ã¨ tutto ciÃ² di piÃ¹ lontano dal family friendly. COME CHE RAZZA DI GENITORE DEFICIENTE FA VEDERE QUESTA SERIE AI PROPRI BAMBINI?! Questi crescono macellai altrochÃ©,p4racetamol0
2021-12-03 22:22:38+00:00,1466895678941143054,Me ha gustado este vÃ­deo: RICARDO WON SQUID GAME https://t.co/y0uSTQxxKT,Tronius_San
2021-12-03 22:22:24+00:00,1466895622548639750,"CHPâ€™nin Squid Game dizili miting kartlarÄ± ve akÄ±llara gelen ErdoÄŸanâ€™Ä±n tarihi kapaÄŸÄ±:

#YeniGeziyeHayÄ±r https://t.co/kvFpxam8Cw",Kuheylan3461
2021-12-03 22:22:17+00:00,1466895590957142019,OMG then the actors request t1419 to be on the squid game sound track for season 2 and then they blow up ğŸ¤©ğŸ¤© https://t.co/8Ro4Kk9A90,ArmaniKings
2021-12-03 22:21:53+00:00,1466895492164603906,"Sorry, I know #SquidGame is extremely hyped, but compared to #CasaDePapel, it's just a soap opera without any depth!!!",andreas_juenger
2021-12-03 22:21:47+00:00,1466895465471959041,J'attends de regarder Squid game mais je ne crois pas que la comparaison avec GOT soit possible et respectueux mÃªme https://t.co/n0W5jpJCMA,Olakiton_21
2021-12-03 22:21:43+00:00,1466895450506620928,i wanna be squid game so bad https://t.co/Q0craBt15K,unluckiestRat
2021-12-03 22:20:51+00:00,1466895231606001672,"https://t.co/UBdnmclwY8 I talk about Squid Game with Tosin, sound designer and also lover of K-drama",hsiao_lennie
2021-12-03 22:20:34+00:00,1466895159803748352,"Ù‚Ø±ÙŠØ¨Ø§Ø§Ù‹ .. ÙØ¹Ø§Ù„ÙŠØ© #SquidGame 
ÙÙŠ Ù…ÙˆØ³Ù… Ø§Ù„Ø±ÙŠØ§Ø§Ø§Ø¶ ğŸ˜ğŸ”¥ğŸ”¥

#Ù…ÙˆØ³Ù…_Ø§Ù„Ø±ÙŠØ§Ø¶ https://t.co/rArpVzUjJm",saudieventss
2021-12-03 22:20:15+00:00,1466895079860228103,"//i'm also switching, but i'm staying in the squidgame verse over on @_TAKEOUT__",_T3CHN0L0GIC
2021-12-03 22:18:29+00:00,1466894637138800641,@______rama Les rÃ©seaux sociaux ne connaissent pas la maturitÃ© et les jeux de cache cache! LÃ  bas Ã§â€™est Squid GameğŸ˜‚ğŸ˜‚ğŸ˜‚,AbouHanaf10
2021-12-03 22:17:25+00:00,1466894368346882048,PiÃ¹ facile capire squid game in coreano a volte #ilcastellodellecerimonie,braioz
2021-12-03 22:16:36+00:00,1466894164101148674,Imagine tu rÃ©ponds squid game https://t.co/ptICJZkHdW,mehdi_juste
2021-12-03 22:16:16+00:00,1466894078419816452,yo mama so squid game https://t.co/XISD4RzfmG,whysoratio
2021-12-03 22:16:07+00:00,1466894039765110786,"que mal me hizo ver squid game en esta situaciÃ³n tan delicada, me hizo mierda",whoatte
2021-12-03 22:16:04+00:00,1466894029027782662,il a dit squid game,mayosaure
2021-12-03 22:15:59+00:00,1466894005459988486,"@isjustcaszz Yr, squid game e arcane (MAAAAS eu vi yr assim que lanÃ§ou, squid game eu assisti assim que lanÃ§ou pq sou dorameira a 3 anos e vi arcane pq eu passei uns 5 anos jogando lol)",ffontaineivy
2021-12-03 22:15:42+00:00,1466893936681787398,No vabbÃ¨ stavo giÃ  per consigliare ai miei un altro kdrama ma poi mi sono ricordata che sono due talpe e che squid game Ã¨ giÃ  un livello per il grande pubblico gli altri li annoierebbero,marteizzando
2021-12-03 22:15:35+00:00,1466893906642149383,squid game was epic,xxiiyu
2021-12-03 22:15:10+00:00,1466893802573111307,"Behind the 'Squid Game' Translation: Incorporating Cultural Relevance into Language Learning
 https://t.co/JG8yH7jNKk",RobinAyoub
2021-12-03 22:15:09+00:00,1466893796239720464,ho visto qualche spezzone di squid game col doppiaggio in italiano e non Ã¨ male ma... saebyeok... L'UNICA che non dovevano sbagliare... why...,k6dzme
2021-12-03 22:15:04+00:00,1466893776241270790,that's not yo mama that's squid game https://t.co/ZyoR90lDx0,Happier_Man6985
2021-12-03 22:14:48+00:00,1466893707182018564,"Ù‚Ø±ÙŠØ¨Ø§.. ÙØ¹Ø§Ù„ÙŠØ© #squid_game  
ÙÙŠ #Ù…ÙˆØ³Ù…_Ø§Ù„Ø±ÙŠØ§Ø¶ ğŸ˜ğŸ”¥ https://t.co/2EfrTJn2FK",saudiech
2021-12-03 22:14:28+00:00,1466893625061695492,"My dad watching squid game with me: how come all these other counties have better trains than us 
Me, inhaling: big car. America sold us out to big car",vampireadjacent
2021-12-03 22:13:58+00:00,1466893500180541449,Check out this item (Engineer Cat) on #OpenSea https://t.co/nE7NAcDXoj via @opensea #PixelNTFCats #NFT #NFTs #OpenSeaNTF #nftart #SquidGame,PixelNFTCats
2021-12-03 22:13:52+00:00,1466893475102740484,Squid game https://t.co/tv6ucxoBwy,4Realnuev9
2021-12-03 22:13:45+00:00,1466893443532214275,@naturalcamber Squid game,jodi2k19
2021-12-03 22:13:30+00:00,1466893383994155008,"squid gameâ€™i bitirdiÄŸime gÃ¶re aÅŸkÄ± memnu izlemeye devam edebilirim..
kÃ¼rkÃ§Ã¼ dÃ¼kkanÄ± misali",pinarmelissa
2021-12-03 22:13:26+00:00,1466893366151589892,@zoka5 Kad Miljana nekom kaÅ¾e da je bolesnica sa pravom i joÅ¡ je mirna u odnosu pre svega na ovog pkastiÄnog squid game bolesnika od devojke sa sve porno Äaletom bolesnikom koji to gura ko full priÄu,Zoran_je_car
2021-12-03 22:13:19+00:00,1466893337806450696,"CHP'nin 'SquÄ±d Game'li Ã§aÄŸrÄ±sÄ± gÃ¼ndem oldu: 

â€¢ GerÃ§eÄŸi Vatan Partisi hatÄ±rlattÄ±

#CHP #SquidGame #VatanPartisi 
https://t.co/EdWrhVzYPI",ulusalkanal
2021-12-03 22:13:18+00:00,1466893331003281408,"CHP'nin 'SquÄ±d Game'li Ã§aÄŸrÄ±sÄ± gÃ¼ndem oldu: 

â€¢ GerÃ§eÄŸi Vatan Partisi hatÄ±rlattÄ±

#CHP #SquidGame #VatanPartisi 
https://t.co/mjBCj9eDcN",ulusalcomtr
2021-12-03 22:13:03+00:00,1466893268763955200,@Khanada Mf rlly out here looking like a squidgame character ğŸ’€,jap_69420
2021-12-03 22:12:57+00:00,1466893244856508418,@TWD__Survivors Aww hell nah the done did squid gameğŸ’€ğŸ’€ğŸ’€ğŸ’€,MovableFormula
2021-12-03 22:12:49+00:00,1466893209221672960,"@lalicecomunist pelo que entendi da legenda em inglÃªs: se for korean zombie, blackpink, squid game. Jay park vamos. Ele tava fazendo rap e meteu do nada o nome do bp no meio e aparentemente nÃ£o Ã© a primeira q esse cara faz isso. E a maioria aÃ­ nÃ£o gosta dele e tbm esse rap foi um mico horrÃ­vel",lisatravazap
2021-12-03 22:12:43+00:00,1466893184315887626,"Ù‚Ø±ÙŠØ¨Ø§Ù‹ ØªØ¬Ø±Ø¨Ø© #SquidGame Ø§Ùˆ Ø¨Ù…Ø§ ÙŠØ¹Ø±Ù Ø¨Ù„Ø¹Ø¨Ø© Ø§Ù„Ø­Ø¨Ø§Ø± ÙÙŠ #Ù…ÙˆØ³Ù…_Ø§Ù„Ø±ÙŠØ§Ø¶

ØªØ·Ø±Ø­ Ø§Ù„ØªØ°Ø§ÙƒØ± Ù‚Ø±ÙŠØ¨Ø§Ù‹ğŸ”¥ https://t.co/tWks7O1LY8",ArthurTalal
2021-12-03 22:12:39+00:00,1466893168327237632,@SirRifty ayo squid game at the bottom???? ğŸ˜³,austin_art404
2021-12-03 22:12:35+00:00,1466893152938299396,@_jisungore squid game vibes ğŸ˜,leakingthecore
2021-12-03 22:11:38+00:00,1466892913737347072,"He's a former member of 2PM? He recognize the impact of these 3. If I'm right the K Zombie is Train to Busan, Blackpink and Squid Game. Cause they went viral. Now why blinks are pressed? Explain? ğŸ¤” https://t.co/Jb47ersNWj",clouz_jb
2021-12-03 22:11:25+00:00,1466892859085365249,WINNING GAME: Netflix smash hit #SquidGame was honored at the Gotham Awards and both the on and off-screen talent are getting used to their new-found success. https://t.co/8tDN08heJ2,APEntertainment
2021-12-03 22:11:25+00:00,1466892856333844486,She woulda had it if she wasnâ€™t acting like she was on one of them glass tiles from Squid Game lmao https://t.co/vQQlicMj8O,earringdealer1
2021-12-03 22:11:09+00:00,1466892788591640580,"Ppl act like squid game is the first piece of media the public has generally misunderstood sometimes, at least itâ€™s marketed as what it is, I mean LOOK at watchmen",flameontheroof
2021-12-03 22:11:08+00:00,1466892785815113730,The ending to #SquidGame makes zero sense,Creepyemolife
2021-12-03 22:10:46+00:00,1466892695906004999,"Ù…Ø¹Ø§Ù„ÙŠ Ø§Ù„Ù…Ø³ØªØ´Ø§Ø± ØªØ±ÙƒÙŠ Ø¢Ù„ Ø§Ù„Ø´ÙŠØ®:
Ù‚Ø±ÙŠØ¨Ø§Ù‹ ÙÙŠ #Ù…ÙˆØ³Ù…_Ø§Ù„Ø±ÙŠØ§Ø¶ Ø¨ØªÙƒÙˆÙ† ØªØ¬Ø±Ø¨Ø© Ø±Ø§Ø¦Ø¹Ø© Ù„Ù„Ø¬Ù…ÙŠØ¹ ÙˆÙÙŠÙ‡Ø§ Ø§Ù„ÙƒØ«ÙŠØ± Ù…Ù† Ø§Ù„Ù…ÙØ§Ø¬Ø¢Øª #squid_game 
#Ø§Ù„Ø±ÙŠØ§Ø¶ #Ø§Ù„Ø³Ø¹ÙˆØ¯ÙŠØ© https://t.co/MpLBvChFYW",Stations0
2021-12-03 22:10:30+00:00,1466892626360094722,The moment I saw he is the only one wearing squid game costume. It made me think whether Run BTS is returning. And it was his punishment. ğŸ˜‚ https://t.co/RTRbsD7PJ1,hobishine_s
2021-12-03 22:10:11+00:00,1466892545812840460,"@abdullalabdouli 1. You
2. Emily in Paris 
3. Squid game ( if you didnâ€™t watched )",dontworryimgood
2021-12-03 22:10:03+00:00,1466892515693535237,@jshieber Squid game?,VishaalBhuyan
2021-12-03 22:09:58+00:00,1466892494679990275,Check out this item (Knight Cat) on #OpenSea https://t.co/qBh6ncrHH4 via @opensea #PixelNTFCats #NFT #NFTs #OpenSeaNTF #nftart #SquidGame,PixelNFTCats
2021-12-03 22:09:26+00:00,1466892356871811073,"Never knew how much I needed squid game Taehyung beautifully singing the lyrics â€œyouâ€™ve shown me reasons I should love myselfâ€ 
 https://t.co/TK4f3ZI31M",BTSP0P7s
2021-12-03 22:09:00+00:00,1466892247937568769,@MoonlightQuant Ã„ldsta pratar ocksÃ¥ om att de leker lekar i skolan som Ã¤r frÃ¥n squid game. Jag svarade bara med att det Ã¤r en vuxen film. Ã„r ju inte ovanligt att det Ã¤r mardrÃ¶mmar kring avsnitt som Ã¤r kring 6-8Ã¥r i Ã¥ldersgrÃ¤ns sÃ¥ vÃ¥gar inte ens tÃ¤nka tanke pÃ¥ att se hÃ¶gre upp. :D,TradingNerden
2021-12-03 22:08:22+00:00,1466892091628347392,@Aslnmhmt HayÄ±rdÄ±r squid game mi oynuyorsun,kyralmanya123
2021-12-03 22:08:05+00:00,1466892019666612227,"The Josh Allen squid game! 

Thanks to @seriousjoker88 for the inspiration https://t.co/SwmXVGh4Hr",patriotsfeeder
2021-12-03 22:07:49+00:00,1466891953618964481,@Honore2Ballsack tee shirt Squid Game,ToupieLaser
2021-12-03 22:07:34+00:00,1466891890716864513,gonna start squid game now finally ..... after that i'm watching hotel del luna for sure,323oz
2021-12-03 22:07:33+00:00,1466891885897785353,So the main character dad guy from squid game is 48 damnnnnnn how does he look that good at 48,luckynumber6
2021-12-03 22:07:12+00:00,1466891796290719745,Squid game ni takataka njooni Pugu kajiungeni mniue #LaCasaDePapael5,IssaMcmamo
2021-12-03 22:06:22+00:00,1466891587854778369,"@TradingNerden Ja, de hade tydligen pratat mycket om squid game i skolan och hon var nyfiken, inte minst pÃ¥ grund av hur fÃ¶rbjudet det var, sÃ¥ vi tittade pÃ¥ den tillsammans och prata om den. Vi hade ganska bra samtal kring hur de olika karaktÃ¤rerna resonerade och varfÃ¶r de gjorde som de gjorde.",MoonlightQuant
2021-12-03 22:06:20+00:00,1466891579310944262,"#BackToTheFuture #DonaldTrump #McFLY #noogies Y'all remember the #deranged #morbidlyobese #dementia laden #killer of the #TrumpCrimeFamily (props tho for being the top earner) #SpaceForce? Will we ever find out how much he, his #squad of #SquidGame kids grifted? #loser, #failure https://t.co/y1FhAzrss7",IanEnglush
2021-12-03 22:06:15+00:00,1466891556837859339,@RideWithNeil @Dempz8 Interesting. Have you asked your self how many shots you can handle ? ğŸ˜‰. Congrats you are skilled on Russian roulette ( applause ) Maybe you will winn this insane squid game ;).,PMonius
2021-12-03 22:05:54+00:00,1466891467629031425,One Lucky Day | Squid Game Episode 9 Reaction and Review | https://t.co/O1olKAgZEZ via @YouTube,FionaMcKitty
2021-12-03 22:05:22+00:00,1466891333495365636,@elisab_th @magikdat @Kos_ @pienburgersdijk Ze mag blij zijn dat we geen squid game spelen.,kaleries
2021-12-03 22:05:21+00:00,1466891329711968257,"For anyone who has seen the criticism of Mr Beast for spending $3.5 mil making a 'Squid Game' should watch this. If you don't watch, Mr Beast has raised 10s of millions for charity. That's his BRAND; giving to charity.
https://t.co/5dCnvoh7vc",UncleChilliMan
2021-12-03 22:05:06+00:00,1466891268466753536,"@gaBs_Om Haha yeah it was pretty boring. But at one point some colleagues were discussing Squid Game so I joined that conversation, and then recommended them to watch The Devil Judge when it comes to Netflix on Dec 23rd ğŸ˜Š",celine_G7
2021-12-03 22:04:53+00:00,1466891213274030080,Watches Squid game once https://t.co/4QhYxH3mh2,comedianwasalu
2021-12-03 22:04:27+00:00,1466891102900965376,"Magic Mike x Squid Game...
Twitter... Do ya thang",DrFunnyy
2021-12-03 22:04:25+00:00,1466891096672374786,eu tÃ´ com medo dessas conversas de alguÃ©m do bts no squid game season 2 NINGUÃ‰M MATA MEUS NENÃ‰NS TAEHYUNG JÃ ENTROU NUMA SÃ‰RIE PRA MORRER,miniemyfeels
2021-12-03 22:04:17+00:00,1466891062916571139,"squid game? more like squib game.

â€¦because there is a lot of fake blood",opera_bofa
2021-12-03 22:03:50+00:00,1466890947892023297,"@Koreaboo SQUID GAME TAEHYUNG S2 yea Sir, we are here for it ğŸ’œ #BTSV #KIMTAEHYUNG",keilardz9
2021-12-03 22:03:28+00:00,1466890857777352711,Playing in a squid game for this BAYCğŸ¤« interested to see how this plays out. Btw the BA was recently bought for 53eth(quarter mil). @internet__game https://t.co/QnLNu4U5Kz,MaxMegowen
2021-12-03 22:03:16+00:00,1466890806917320704,"'Infected Voids' may release on saturday or sunday, whichever you want! [the squid game mode will be released for new year]",CrystalixYT
2021-12-03 22:03:03+00:00,1466890750587650050,@springrooove I have so many but these ones were my favorite from the floor!!! And the videos ğŸ˜­ğŸ’œ I have Jin acting like the squid game doll on video ğŸ¥ºâœ¨ https://t.co/18HblZ3pyG,joonandgrey
2021-12-03 22:02:58+00:00,1466890732896075777,"@ZssBecker if Squid Game didn't come around, what kind of game would Neo Tokyo have been?",supvic
2021-12-03 22:02:57+00:00,1466890729100390400,"Squid game tournament. Only the strongest get in. I just start training for Aslan in Vicar Street, iâ€™ve good odds iâ€™d say https://t.co/lrQqpbkObN",Jen__Hatton
2021-12-03 22:02:40+00:00,1466890654475296770,"#Spherex: How â€˜Squid Gameâ€™ Got Lost in Translation .....

https://t.co/LMwUKWPYPw https://t.co/02ctoZKbHP",mandedaily
2021-12-03 22:02:39+00:00,1466890650742403087,"#Spherex: How â€˜Squid Gameâ€™ Got Lost in Translation

https://t.co/jA6l7qtHol https://t.co/NutXT9Hmgm",MESAlliance
2021-12-03 22:02:16+00:00,1466890553367220225,@florscnt @sevvn Stop fueling her squid game addiction,KushayVLRT
2021-12-03 22:01:29+00:00,1466890355907956742,Im sorry but if i see anyone with a squid game themed carrd im laughing at you,hrtdolle
2021-12-03 22:00:55+00:00,1466890214073413634,"A few additions to the CEO Reading List: 

-Squid Game, Ted Lasso and unicorn fatigue: Top 10 health care industry predictions for 2022, via @sacjai 
-Strategies to repair a broken system: Mental health care @PennLDI

And more! https://t.co/473TOfPOBb",HealthEvolution
2021-12-03 22:00:48+00:00,1466890185468227584,Squid Game durch. Wirklich sehr gut!,dr_ogen_69
2021-12-03 21:59:29+00:00,1466889852922871815,Ø¨ÙŠØ³ÙˆÙ† squid game ğŸ˜¨,bciirr
2021-12-03 21:59:29+00:00,1466889852805271553,Meet the Cast of Squid Game https://t.co/H8h7Mvj6Xr via @YahooNews,FionaMcKitty
2021-12-03 21:59:25+00:00,1466889837630431234,"So Stuart's work did Squid game and he came second. My next question was, are you stronger than the guy that came first. He said yes. So based on the actual show...we would have won.",sinphia
2021-12-03 21:59:07+00:00,1466889762178940928,New #Halo 5 Forge map review is out. I take a look at a recreation of Game 5 from Squid Game: https://t.co/gduv9VJtdw,omogonix
2021-12-03 21:59:03+00:00,1466889744365748227,"I reviewed the first season of ""Homecoming""! Come on, man. I haven't been gone THAT long. I watched ""Squid Game."" For someone who actually LOVES violence, whew, that was too much. Tried to turn my critic brain off, which I always try and fail to do. A lot to like. A lot not to.. https://t.co/usultDeSgX",BastardMachine
2021-12-03 21:58:21+00:00,1466889568259506176,@vvraite @firefirafiraga Squid Game season 2 contestants will be university teachers that â€œdonâ€™t getâ€ they/them pronouns,cobweb_lady
2021-12-03 21:58:10+00:00,1466889523598610432,@mpumurr @uKhnysl That nigga came on the girl and squid game invigilator ğŸ˜” talk about squirt game,KhutsoSerakoana
2021-12-03 21:57:55+00:00,1466889459622948869,ÙØ¹Ø§Ù„ÙŠØ© Squid Game Ù‚Ø±ÙŠØ¨Ø§Ù‹ ÙÙŠ #Ù…ÙˆØ³Ù…_Ø§Ù„Ø±ÙŠØ§Ø¶ https://t.co/GeeBfM2CUh,riyadhseason10
2021-12-03 21:57:32+00:00,1466889364089323524,Is YouTube making a rewind this year because other then mrbeasts squid game and ludwigs move i can't think of anything memorable that happened at all,JamesRedPandaLP
2021-12-03 21:57:27+00:00,1466889342840975365,"the name ""squid game"" is so funny like whenever i hear it i internally get into an uncontrollable laughter",kitrium
2021-12-03 21:57:17+00:00,1466889302697250824,RED LIGHT GREEN LIGHT would be an interesting trial  #ImACeleb #squidgame https://t.co/JxpR9hubIK,itsrenwa
2021-12-03 21:57:02+00:00,1466889239166173189,@isjustcaszz squid game e arcane https://t.co/O4sFnFWLWx,melanieweekes
2021-12-03 21:56:51+00:00,1466889192810631171,"I'm telling you, the second season of Squid Game is going to be about ARMY fighting for BTS concert tickets and it's going to be a documentary https://t.co/OVMgJksoJJ",YooongisTongue
2021-12-03 21:56:33+00:00,1466889116629544961,squid game shoes,mo_chiptu
2021-12-03 21:56:22+00:00,1466889068797743111,"fear street, squid game e
ARCANE https://t.co/Kw8kB0e6Yp",zluibeu
2021-12-03 21:56:21+00:00,1466889068185198593,LMFAO I thought they started playing the squid game song at LAX I was about to nope out of here,taegertot
2021-12-03 21:56:18+00:00,1466889054142795779,@RileyyAndrew squid game was good to watch but i had to take breaks at times so i didn't want tp accidently convince myself that im also a criminal mastermind or some shit,nexiialist
2021-12-03 21:56:09+00:00,1466889016566067207,arcane e squid game https://t.co/knkvCWodCL,anneschase
2021-12-03 21:56:04+00:00,1466888995359453186,And suddenly the castle is squid game season 2 #ImACeleb https://t.co/xdoVNxCL8X,nikkiiilouuu
2021-12-03 21:55:30+00:00,1466888850752655366,"mersin mitingine squid game'ci pkklÄ±lar mÄ± gelecek ne iÅŸ murat gezici?

murat gezici squid game'i gÃ¼zelliyor mersin mitingi selahattin demirtaÅŸ'Ä±n talimatÄ±yla kemal kÄ±lÄ±Ã§daroÄŸlu ve chp ekibi tarafÄ±ndan planlandÄ±

murat gezici'de miting Ã¶ncesi squid game gÃ¼zelliyor bu gece!!",ersinuyanik
2021-12-03 21:55:23+00:00,1466888823908954121,"@EsLebeDerKonsum 2/2 
Anime/Serien: sehr viel nachgeholt aber einiges auch aus 2021:
-Link Click
-Vivy Fluroite Eye's Song
-AoT Final Season
-Arcane
-Damengambit
-Squid Game
-Sex Education S3
-Dark
-NGE
-Serial Experements Lain
-Steins;Gate und vieles mehr.",zerosarts
2021-12-03 21:55:19+00:00,1466888804711780360,@AylingMark Just started Squid Game!,cinemancunian
2021-12-03 21:55:00+00:00,1466888726311849990,@MoWeeUk It was so good! Preferred it to Squid Game,roshnichohan
2021-12-03 21:54:56+00:00,1466888710792880131,Squid game hin l'autre c'est nul https://t.co/Oukfq3upT6,cynthxa__
2021-12-03 21:54:46+00:00,1466888668916985859,@isjustcaszz Arcane e squid game,slaflavy
2021-12-03 21:54:42+00:00,1466888648897576963,@AlphaMike144 Bruuuh did you watch the squid game one?! Flip and when he eats at all those expensive places? Maaate,Rockthvaa
2021-12-03 21:54:32+00:00,1466888609320079372,@nexiialist couldnâ€™t watch breaking bad for the same reason. it was too dark for me. i watched a few episodes of squid game and itâ€™s also hard to watch. i am perfectly happy sticking to my fun super hero and sci-fi shows and cartoons. as well as parks &amp; rec lol,RileyyAndrew
2021-12-03 21:54:12+00:00,1466888525920546823,#SquidGame https://t.co/yGudqNfrJR,bolemvnfdp
2021-12-03 21:54:05+00:00,1466888495142686721,"Iâ€™m still not done! Iâ€™ve released not 1 not 2 but 3 episodes today! 

The 3rd &amp; final one is a deep-dive of the hugely popular Netflix Series â€œSquid Gameâ€. I discuss the cult-like methods clearly used within this programme. A patreon exclusive and available now. 

#squidgames https://t.co/yylaaNvZvN",CultVaultPod
2021-12-03 21:53:48+00:00,1466888423537528836,"@KittdoII . 
#gfvip #tzvip #rosmello #prelemi #gregorelli #squidgame #Round6 #MyName #dispatchcouple #bbtvi21 #AFazenda #AFazenda13 #Dune #Eternals #Eternos #AMAs https://t.co/8c3mV0HtqS",taerymagic
2021-12-03 21:53:42+00:00,1466888399219007489,"We Are Living the Squid Game, by @TGCsubstack https://t.co/hfR4oNJXov",silverbullitt2
2021-12-03 21:53:29+00:00,1466888346303610885,"Squid Game. Next Level.
 https://t.co/njgzbLFDUb",janfleischhauer
2021-12-03 21:53:19+00:00,1466888303391780865,@JKSEDUZINE .  #gfvip #tzvip #rosmello #prelemi #gregorelli #squidgame #Round6 #MyName #dispatchcouple #bbtvi21 #AFazenda #AFazenda13 #Dune #Eternals #Eternos #AMAs https://t.co/8c3mV0HtqS,taerymagic
2021-12-03 21:53:17+00:00,1466888296269811715,Only on Episode 6 of Squid Game and I am praying it isn't a disappointment like Lost was ğŸ¤£ğŸ¤£ğŸ¤£,samgrahamsmith
2021-12-03 21:53:05+00:00,1466888244017176580,dark souls is the squid game of parasite of dragon ball of,HyenaLiker
2021-12-03 21:52:59+00:00,1466888218729713664,@isjustcaszz Squid game e so,thaiznoir
2021-12-03 21:52:33+00:00,1466888111204540421,money heist&gt;&gt;&gt;squid game,yhawtie
2021-12-03 21:52:26+00:00,1466888079558561803,SkoÅ„czÄ™ ten odcinek Squid Game i idÄ™ spaÄ‡,bbyzdaya
2021-12-03 21:52:08+00:00,1466888004556013575,"*UNPOPULAR OPINION*
There are better Asian series out there!
(I can feel the hate already)

1. Alice In Borderland 
2. Werewolf Game 
3. Squid Game
4. Kaiji
5. Sweet Home
6. Kings Game
7. As the Gods Will
8. Battle Royale 
9. Extracurricular 
10. Animal World

Just to name a few.",Bad_Mondays
2021-12-03 21:51:54+00:00,1466887945915277316,@twomad Is it the squid game people?,ishinamalenin
2021-12-03 21:51:41+00:00,1466887892945731584,"Pro Squid Game Players be like: in MINECRAFT

https://t.co/1Y6pjGBcqq

#minecraft #anime #animation #game #gamer #3D #youtube #tiktok #youtuber #tiktoker #follow #SquidGame #FYP #meme #fypã‚·",minecraft_ENN
2021-12-03 21:51:39+00:00,1466887884657803266,Netflix Has The Best Response To BTS Vâ€™s â€œSquid Gameâ€ Costume via @Koreaboo https://t.co/TEBvYYae2f #ë°©íƒ„ì†Œë…„ë‹¨ë·” #ë·” #ê¹€íƒœí˜• #íƒœí˜• #íƒœíƒœ #TAETAE #TAEHYUNG #BTSV #V #KIMTAEHYUNG  #é‡‘æ³°äº¨ #ã‚­ãƒ ãƒ†ãƒ’ãƒ§ãƒ³ #ãƒ†ãƒ’ãƒ§ãƒ³ #ã¦ã¦ #ãƒ†ãƒ†,Mypoetking1
2021-12-03 21:51:17+00:00,1466887792831705103,okay! set aside a day for shopping! i.. i'll do my best...! what are the kids into these days though? i know the 4th grader somehow got into squid game but i don't think i want to encourage manufacturers to keep making kid-targeted merch of it.,lets_frey
2021-12-03 21:50:39+00:00,1466887633129418756,"@echodeltamoon it is squid game mate, wrong timeline",corbandioxide
2021-12-03 21:50:28+00:00,1466887587008765953,Nunca me termine de ver Squid game xd,fxiryggukie
2021-12-03 21:50:21+00:00,1466887556860162057,"murat gezici squid game'i Ã§ocuklarÄ±nÄ±n izlemesini istermiÅŸ

mersin mitingine squid game gÃ¼zelleme kafasÄ±nÄ± beyinsizlikle izah edemiyorum bunun Ã¶tesinde alÃ§aklÄ±kta olmalÄ±

hayÄ±r gezici en basit mantÄ±k kurallarÄ±nÄ± dahi takip edemeyen bi beyinsiz onu biliyoruz da bu basbaya alÃ§aklÄ±k",ersinuyanik
2021-12-03 21:50:20+00:00,1466887550094692362,Iâ€™m on the final episode of squid game ğŸ™ˆ,vampireadjacent
2021-12-03 21:49:54+00:00,1466887441474797568,squid gameâ€™deki polise aÅŸÄ±k oldum sanÄ±rÄ±m,rogersweetie
2021-12-03 21:49:53+00:00,1466887437020540940,Jak ja kocham arty z jakimÅ› anime x squid game https://t.co/ZAPyiyVPXR,qp_akan
2021-12-03 21:49:50+00:00,1466887425624530944,"CHP'nin Mersin mitingine 'Squid Game'li Ã§aÄŸrÄ±!
Chp'nin kimler tarafÄ±ndan finanse ve akÄ±l hocalÄ±ÄŸÄ± yapÄ±ldÄ±ÄŸÄ± ortada. https://t.co/fq0PG6p3cS",nemeyra
2021-12-03 21:49:43+00:00,1466887394846818305,what real life squid game does to a mf https://t.co/LmFY5CdsPm,tillytildaa
2021-12-03 21:49:20+00:00,1466887300856565766,"Ma questi di squid game si somigliano tutti, come faccio a ricordarmi i personaggi?",disilluso_
2021-12-03 21:49:19+00:00,1466887295521464327,Bu akÅŸam CNN deki programÄ± iÅŸleyenin net beyni yoktur 5 yanlÄ±ÅŸ 1 doÄŸruya tÃ¼m herÅŸeyin yanlÄ±ÅŸ olarak doÄŸru olduÄŸu anlatmaya Ã§alÄ±ÅŸÄ±yorlar ÅŸu anki konu squid game ğŸ˜‚ğŸ˜‚ğŸ˜‚ Murat Bey'in yerinde olmak istemezdim sinir krizi geÃ§irmemek mÃ¼mkÃ¼n deÄŸil nereyi nereye baÄŸlÄ±yorlar :(((,1furkanturgut
2021-12-03 21:49:10+00:00,1466887258909335555,@Linda_Marric I fee like maybe Battle Royale said everything Squid Game is going to say to me in a fraction of the time so I'm going to put it off for a bit...,AylingMark
2021-12-03 21:49:02+00:00,1466887225858314250,sonunda bitirdik squid gameâ€™i,kittycatae
2021-12-03 21:49:02+00:00,1466887222787854337,"@miu__von @BTS_twt The pigtails stole my heart, soft cute pigtails and trying hit to ppl with that lol, and he him acting from the Squid game character so so cutee
Thank you!",trendseok
2021-12-03 21:48:57+00:00,1466887204714782725,@gi_twt_ @CalNoel24 Yoo 001 from squid game thighs ğŸ¥µ,_Jaylen
2021-12-03 21:48:52+00:00,1466887183600525316,"@BastardMachine Squid Game was fun. Would have loved your observations on ""Homecoming"" when that was on.",iwhofan
2021-12-03 21:48:33+00:00,1466887102298267649,"In Squid Game, I think I liked the Indian guy a little more. ğŸ˜ªğŸ˜ª",Umwamikaziii
2021-12-03 21:47:44+00:00,1466886898404798466,"#SquidGame 
#Xbox 
#PlayStation https://t.co/0ns1V6BshQ",XboonerPhoenix
2021-12-03 21:47:19+00:00,1466886790883823620,je vous avais pas update mais aprÃ¨s plus d'1 mois de pause j'ai fini les trois derniers Ã©pisodes de squid game et bref j'ai pas aimÃ© la fin du tout,TerryGolo___
2021-12-03 21:46:37+00:00,1466886614551076864,Squid Game Party will be in Mersin tomorrow ğŸ¥¸,Plato404
2021-12-03 21:46:21+00:00,1466886548465594376,Kasetle genel BaÅŸkan olursan Squid Game temalÄ± davetiye ile milleti mitinge davet edersin. Ã‡ok gÃ¶rmemek lazÄ±m.,mgudendedeTR
2021-12-03 21:45:38+00:00,1466886368110551046,@Linda_Marric Agreed on both fronts - tried to stick with Squid Game as well but bailed. Hawkeye is much better than The Falcon and The Winter Soldier - someone needs to say that..,frontage2
2021-12-03 21:45:33+00:00,1466886348414103558,Ir a um barbecue coreano e berrar ISTO Ã‰ LITERALMENTE COMO O SQUID GAME sempre que alguÃ©m grelha lulas,Coringaderia
2021-12-03 21:45:24+00:00,1466886308559736838,@nytimes Squid game? Mare of easttown?,JCoreyDjr
2021-12-03 21:45:18+00:00,1466886285520424971,i miss being able to say squid game and have people know that i mean splatoon,saltybackchat
2021-12-03 21:45:12+00:00,1466886258270117892,@ongakuuTTV So all I gotta do is listen to the squid game sound track?,koalas2869
2021-12-03 21:45:07+00:00,1466886240465133570,"saw the jersey and my poison brain went ""squid game coco"" https://t.co/9vDRe0KaPD",palrumia
2021-12-03 21:44:47+00:00,1466886155161460738,"@stacyhere @binkleywtf I already have Squid Game on my list, but you're saying Midnight Mass is a must-see?",johnnymemphis
2021-12-03 21:44:24+00:00,1466886059237810184,I've just watched episode S01 | E02 of Squid Game! #squidgames  https://t.co/x8BhJzra45 #tvtime https://t.co/MhM2gWyipY,Michelejr84
2021-12-03 21:44:23+00:00,1466886056695975948,@ToggleShiftlock tv dude with squid game hoodie,imcool72_
2021-12-03 21:44:15+00:00,1466886021711282182,Squid Gameâ€™s Anupam Tripathi Tears Up While Talking About His Friendship With â€˜Parasiteâ€™ Star Park So-Dam â€“ ViuÂ Hapa https://t.co/TSouyYaNqA,joboescort
2021-12-03 21:43:45+00:00,1466885894376509443,"@updatechartuc #ivar #vikings #gfvip #tzvip #rosmello #prelemi #gregorelli #squidgame #Round6 #MyName #dispatchcouple #bbtvi21 #AFazenda #AFazenda13 #Dune #Eternals #Eternos #AMAs 

https://t.co/Qc61DTVKWy",madsvoir
2021-12-03 21:43:43+00:00,1466885886310817794,@obsidivns im horrible with starting shows though so we'll see like i haven't even watched SQUID GAME....,wardellcrossing
2021-12-03 21:43:34+00:00,1466885849463808000,"@updatechartuc #deoksu #heosungtae #gfvip #tzvip #rosmello #prelemi #gregorelli #squidgame #Round6 #MyName #dispatchcouple #sticker #bbtvi21 #AFazenda #AFazenda13 #Dune #Eternals #Eternos #AMAs 

https://t.co/GRIK5m8x8G",madsvoir
2021-12-03 21:43:33+00:00,1466885843923177477,"#AkÄ±lCemberi
Ä°nsanlarÄ± manipÃ¼le etmek iÃ§in bu kadar basit bir konuyu bu kadar Ã§ekiÅŸtirmek Ã§ok anlamsÄ±z. Mehmet Metiner in kesinlikle squid game izlememesi gerekiyor Ã§Ã¼nkÃ¼ dizinin sonunda engellilere maaÅŸ baglanmadigi iÃ§in Korelilerin bizi kÄ±skandÄ±ÄŸÄ±nÄ± iddia edecektir.",NtinaKara3
2021-12-03 21:43:30+00:00,1466885832493740035,squid game https://t.co/MBTFBBLqyH,alexpalex448
2021-12-03 21:43:05+00:00,1466885727921360896,#SquidGame's Anupam Tripathi and #Parasite star Park So-dam have been friends since college https://t.co/paqdZ8xLAv,JustJared
2021-12-03 21:43:01+00:00,1466885709189599237,"GROS LIVE FORTNITE TOUS ENSEMBLE DEFILE, FIGHT, SQUID GAME ET TOUS AUTRES MINI JEU juste pour vous ğŸ¤‘https://t.co/TezZPW8Vus via @YouTube #fortnite #livefr #live #gaming #squidgame #huzog",HuzogB
2021-12-03 21:42:59+00:00,1466885703694962694,Iâ€™d start licking like it was the dalgona candy from squid game https://t.co/rBmGrKh99t,loona_reloaded
2021-12-03 21:42:45+00:00,1466885644500844544,"@updatechartuc #deoksu #heosungtae #gfvip #tzvip #rosmello #prelemi #gregorelli #squidgame #Round6 #MyName #dispatchcouple #sticker #bbtvi21 #AFazenda #AFazenda13 #Dune #Eternals #Eternos #AMAs 

https://t.co/GRIK5m8x8G",madsvoir
2021-12-03 21:42:30+00:00,1466885581766549512,Squid Game Christmas Video https://t.co/U5W09o7CHi via @SquidGameEvent @SquidGameToken @squidgame,LaurelTreePro
2021-12-03 21:42:27+00:00,1466885569326243843,"This might lose me some street cred, but I couldnâ€™t finish Squid Game in the end. I just felt like I got the point and there was very little keeping me watching. Now Hawkeye, thatâ€™s a really good show.",Linda_Marric
2021-12-03 21:42:26+00:00,1466885562908872704,Let's play squid game or squirt game ğŸ˜ˆğŸ˜‰ğŸ˜ğŸ˜ˆğŸ˜ˆğŸ™ˆ DM me,365days_03000
2021-12-03 21:42:25+00:00,1466885557947183109,"@GoodMarsdog IM DOING SQUID GAME IN DEWSBURY FOR $500,000 *GONE WRONG*",ottagigs
2021-12-03 21:42:09+00:00,1466885493845643268,"@H4SS4NKA squid game, stranger things, daredevil, outerbanks??",Aidannnnn_
2021-12-03 21:41:31+00:00,1466885333761630213,@BoaTrading squid game,jbae_17
2021-12-03 21:40:58+00:00,1466885195651600388,@MetinerBasin Squid Game dizisindeki semboller Ã§ok ilginÃ§! âºï¸â¹ï¸ğŸ”¼ semboller Ä°srail'de bulunan azraili kulelerinden esinlenmiÅŸ gibi! Siyonist akÄ±l iÅŸ baÅŸÄ±nda belli ki! https://t.co/sy2S3owqfU,KKenesari7
2021-12-03 21:40:57+00:00,1466885189200715785,the viral tiktoks of squid game taehyungâ€¦ i need everyone to stop perceiving my man or hit the back of the lineğŸ¤¨ https://t.co/fg4KoxJzqq,cherrynamus
2021-12-03 21:40:48+00:00,1466885152005668876,"young royals, squid game e arcane https://t.co/4vrT9waPUn",luzc0uffainexz
2021-12-03 21:40:37+00:00,1466885107885686795,Estou torcendo pro sasuke no squid game do fortnite.,GaymerMuito
2021-12-03 21:40:33+00:00,1466885091355992070,"Squid game li mitingler yakÄ±ÅŸmÄ±ÅŸ bu ittifaka. Kapitalist 1 numaranÄ±n kapitalist ortak ve  patronlarÄ±nÄ± eglendirecekler demek her zaman ki gibi. 
Dua etsinler de PKK linin biri Ã§Ä±kÄ±p bunlarÄ± elemesin o gÃ¼n ğŸ˜’ #AkÄ±lCemberi",comicme
2021-12-03 21:40:32+00:00,1466885084649242628,"#AkÄ±lCemberi nde stupid murat ibnesi, squid game'i anlatÄ±yor.. hay yumurtaya can veren allahÄ±m..",BenHur47207162
2021-12-03 21:40:14+00:00,1466885008715653127,#akÄ±lÃ§emberi #squÄ±dgame anlatÄ±lmak istenen oyunu sonlandÄ±rmak oyla ve kaderinize razÄ± olmak...,FYatif
2021-12-03 21:40:11+00:00,1466884996069789701,@Pastel_221 So you were the triangle in the squid game I hired,MAlanthekid
2021-12-03 21:39:44+00:00,1466884885856108551,"@Rzedmood Ù†Ø³Ø®Ù‡ Ú©Ø±Ù‡ Ø§ÛŒ money heist Ø¨Ø§ Ø¨Ø§Ø²ÛŒÚ¯Ø±Ø§ÛŒ squid game Ù‚Ø±Ø§Ø±Ù‡ Ø³Ø§Ø®ØªÙ‡ Ø¨Ø´Ù‡
Ùˆ Ø­ØªÛŒ Ø¨Ø§Ø²ÛŒÚ¯Ø± Ù†Ù‚Ø´ Ø¨Ø±Ù„ÛŒÙ† Ù‡Ù… Ù…Ø´Ø®Øµ Ø´Ø¯Ù‡ğŸ˜‚
Ø¨Ø¨ÛŒÙ† Ú† Ø´ÙˆØ¯",p_peyman_n
2021-12-03 21:39:40+00:00,1466884867262758917,"acabei de chorar pra caralho com o episodio 6 de squid game, que odio.

te odeio, sangwoo, seu filho da puta, cafajeste, mentiroso, hetero, bolsominion, gado do capitalismo, homem, pneumoultramicroscopicossilicovulcanoconiose, filho de namjoon anti, vagabundo",ikoorious
2021-12-03 21:39:40+00:00,1466884866377613314,@PageantWars So dirty that you still have some squid game tokens left in that pouch from last month ;) Hahahaha,EmpireInvest2
2021-12-03 21:39:31+00:00,1466884831250456580,"$456,000 Squid Game In Real Life! https://t.co/OHxnbCWotS via @YouTube",Zoma06564315
2021-12-03 21:39:21+00:00,1466884787252174856,@badboychadhoy I value your tweets more that squid game ğŸ¤›,ItsAndyRyan
2021-12-03 21:39:18+00:00,1466884773260017672,#akÄ±lÃ§emberi BaÅŸak HanÄ±m futbol takÄ±mlarÄ± dahi squid game ile bir birine atÄ±fta bulunuyor. Ã–rneÄŸin : GS FB maÃ§Ä± oyuncu 1907 elendi gibi.. Bu olayÄ± Ã§ok ciddiye almaya gerek yok.. https://t.co/8y3p3WNtRM,_GokhaNOzturK__
2021-12-03 21:39:12+00:00,1466884749742395397,answer love myself is one of my all time favorite songs and i have the lyrics tattooed. i never thought i would be able to hear that song live since that era ended so i was SOBBING while they were singing meanwhile taehyung was vibing in his squid game costume,J00NSTAY
2021-12-03 21:38:30+00:00,1466884574835847176,#AkÄ±lCemberi #SquidGame dizisini yapan #CHP deÄŸil haberiniz olsun bu arada,evren_karagoz
2021-12-03 21:38:23+00:00,1466884546146807814,"Acabo de terminar de ver Hellbound, me gustÃ³ mÃ¡s que The Squid Game. Las series coreanas estÃ¡n muy bien producidas, cubren todos los detalles. Floja al principio pero despuÃ©s se pone mejor... SÃ­!",guillepalladin0
2021-12-03 21:37:56+00:00,1466884431390588931,Whether you like am or not you dey use life play squid game as far as you live here.,Simple_Favour1
2021-12-03 21:37:47+00:00,1466884392886751232,@RichWCampbell squid game,grausnvg
2021-12-03 21:37:35+00:00,1466884343129772033,Andrew Schulz reveals big lesson MrBeast can take from Squid Game recreation https://t.co/rSc3kAzzNm,EvertonFCNews21
2021-12-03 21:37:34+00:00,1466884340432965634,Wait to see Mingyu in the next squid game https://t.co/XBgPpkrsHO,neomulovely_
2021-12-03 21:37:19+00:00,1466884276461449219,@EliPomlo @cookie_goat_ Squid game,andyryanoff
